ISO-10303-21;
HEADER;
/* Generated by software containing ST-Developer
 * from STEP Tools, Inc. (www.steptools.com) 
 */
/* OPTION: using custom renumber hook */

FILE_DESCRIPTION(
/* description */ ('STEP AP242 Edition 2',
'CAx-IF Rec.Pracs.---Representation and Presentation of Product Manufa
cturing Information (PMI)---4.0---2014-10-13',
'CAx-IF Rec.Pracs.---3D Tessellated Geometry---0.4---2014-09-14','2;1',
'CAx-IF Rec.Pracs.---User Defined Attributes---1.5---2016-08-15'),
/* implementation_level */ '2;1');

FILE_NAME(
/* name */ '696c2a8d97a198b61d70f779',
/* time_stamp */ '2026-01-18T00:34:21Z',
/* author */ (''),
/* organization */ (''),
/* preprocessor_version */ 'ST-DEVELOPER v20',
/* originating_system */ 'ONSHAPE BY PTC INC, 1.209',
/* authorisation */ '  ');

FILE_SCHEMA (('AP242_MANAGED_MODEL_BASED_3D_ENGINEERING_MIM_LF { 1 0 10303 442 3 1 4 }'));
ENDSEC;

DATA;
#10=SHAPE_REPRESENTATION_RELATIONSHIP('','',#2252,#11);
#11=ADVANCED_BREP_SHAPE_REPRESENTATION('',(#2250),#3693);
#12=CONICAL_SURFACE('',#2395,0.0016,0.872664625997165);
#13=CONICAL_SURFACE('',#2396,0.0016,0.872664625997164);
#14=CONICAL_SURFACE('',#2397,0.0016,0.872664625997164);
#15=CONICAL_SURFACE('',#2398,0.0016,0.872664625997165);
#16=CONICAL_SURFACE('',#2424,0.00325,0.872664625997165);
#17=CONICAL_SURFACE('',#2425,0.00325,0.872664625997165);
#18=CONICAL_SURFACE('',#2426,0.00325,0.872664625997165);
#19=CONICAL_SURFACE('',#2427,0.00097,0.785398163397448);
#20=CONICAL_SURFACE('',#2430,0.00077,0.785398163397448);
#21=CONICAL_SURFACE('',#2431,0.00077,0.78539816339745);
#22=CONICAL_SURFACE('',#2434,0.00097,0.78539816339745);
#23=CONICAL_SURFACE('',#2435,0.00097,0.785398163397448);
#24=CONICAL_SURFACE('',#2438,0.00077,0.785398163397448);
#25=CONICAL_SURFACE('',#2439,0.00077,0.785398163397447);
#26=CONICAL_SURFACE('',#2442,0.00097,0.785398163397447);
#27=CONICAL_SURFACE('',#2443,0.00097,0.785398163397448);
#28=CONICAL_SURFACE('',#2446,0.00077,0.785398163397448);
#29=CONICAL_SURFACE('',#2447,0.00077,0.78539816339745);
#30=CONICAL_SURFACE('',#2450,0.00097,0.78539816339745);
#31=ELLIPSE('',#2370,0.00923760430703401,0.008);
#32=CYLINDRICAL_SURFACE('',#2304,0.00077);
#33=CYLINDRICAL_SURFACE('',#2307,0.00077);
#34=CYLINDRICAL_SURFACE('',#2310,0.00077);
#35=CYLINDRICAL_SURFACE('',#2313,0.00077);
#36=CYLINDRICAL_SURFACE('',#2316,0.00077);
#37=CYLINDRICAL_SURFACE('',#2319,0.00077);
#38=CYLINDRICAL_SURFACE('',#2322,0.00077);
#39=CYLINDRICAL_SURFACE('',#2325,0.00077);
#40=CYLINDRICAL_SURFACE('',#2327,0.00325);
#41=CYLINDRICAL_SURFACE('',#2329,0.00325);
#42=CYLINDRICAL_SURFACE('',#2340,0.00077);
#43=CYLINDRICAL_SURFACE('',#2343,0.00077);
#44=CYLINDRICAL_SURFACE('',#2350,0.00077);
#45=CYLINDRICAL_SURFACE('',#2353,0.00077);
#46=CYLINDRICAL_SURFACE('',#2355,0.00325);
#47=CYLINDRICAL_SURFACE('',#2369,0.008);
#48=CYLINDRICAL_SURFACE('',#2375,0.0016);
#49=CYLINDRICAL_SURFACE('',#2380,0.0016);
#50=CYLINDRICAL_SURFACE('',#2385,0.0016);
#51=CYLINDRICAL_SURFACE('',#2390,0.0016);
#52=CYLINDRICAL_SURFACE('',#2399,0.000825);
#53=CYLINDRICAL_SURFACE('',#2400,0.000825);
#54=CYLINDRICAL_SURFACE('',#2401,0.000825);
#55=CYLINDRICAL_SURFACE('',#2402,0.000825);
#56=CIRCLE('',#2255,0.000825);
#57=CIRCLE('',#2256,0.000825);
#58=CIRCLE('',#2257,0.000825);
#59=CIRCLE('',#2258,0.000825);
#60=CIRCLE('',#2259,0.00325);
#61=CIRCLE('',#2260,0.00325);
#62=CIRCLE('',#2261,0.00325);
#63=CIRCLE('',#2262,0.00077);
#64=CIRCLE('',#2263,0.00077);
#65=CIRCLE('',#2264,0.00077);
#66=CIRCLE('',#2265,0.00077);
#67=CIRCLE('',#2266,0.00077);
#68=CIRCLE('',#2267,0.00077);
#69=CIRCLE('',#2268,0.00077);
#70=CIRCLE('',#2269,0.00077);
#71=CIRCLE('',#2270,0.00077);
#72=CIRCLE('',#2271,0.00077);
#73=CIRCLE('',#2272,0.00077);
#74=CIRCLE('',#2273,0.00077);
#75=CIRCLE('',#2275,0.00097);
#76=CIRCLE('',#2276,0.00097);
#77=CIRCLE('',#2277,0.00097);
#78=CIRCLE('',#2278,0.00097);
#79=CIRCLE('',#2279,0.00097);
#80=CIRCLE('',#2280,0.00097);
#81=CIRCLE('',#2281,0.00097);
#82=CIRCLE('',#2282,0.00097);
#83=CIRCLE('',#2283,0.00097);
#84=CIRCLE('',#2284,0.00097);
#85=CIRCLE('',#2285,0.00097);
#86=CIRCLE('',#2286,0.00097);
#87=CIRCLE('',#2287,0.00415);
#88=CIRCLE('',#2288,0.00415);
#89=CIRCLE('',#2289,0.00415);
#90=CIRCLE('',#2290,0.0022);
#91=CIRCLE('',#2291,0.0022);
#92=CIRCLE('',#2292,0.0022);
#93=CIRCLE('',#2293,0.0022);
#94=CIRCLE('',#2295,0.008);
#95=CIRCLE('',#2297,0.008);
#96=CIRCLE('',#2302,0.008);
#97=CIRCLE('',#2305,0.00077);
#98=CIRCLE('',#2308,0.00077);
#99=CIRCLE('',#2311,0.00077);
#100=CIRCLE('',#2314,0.00077);
#101=CIRCLE('',#2317,0.00077);
#102=CIRCLE('',#2320,0.00077);
#103=CIRCLE('',#2323,0.00077);
#104=CIRCLE('',#2326,0.00077);
#105=CIRCLE('',#2328,0.00325);
#106=CIRCLE('',#2330,0.00325);
#107=CIRCLE('',#2341,0.00077);
#108=CIRCLE('',#2344,0.00077);
#109=CIRCLE('',#2351,0.00077);
#110=CIRCLE('',#2354,0.00077);
#111=CIRCLE('',#2356,0.00325);
#112=CIRCLE('',#2362,0.008);
#113=CIRCLE('',#2365,0.008);
#114=CIRCLE('',#2376,0.0016);
#115=CIRCLE('',#2377,0.0016);
#116=CIRCLE('',#2379,0.000825);
#117=CIRCLE('',#2381,0.0016);
#118=CIRCLE('',#2382,0.0016);
#119=CIRCLE('',#2384,0.000825);
#120=CIRCLE('',#2386,0.0016);
#121=CIRCLE('',#2387,0.0016);
#122=CIRCLE('',#2389,0.000825);
#123=CIRCLE('',#2391,0.0016);
#124=CIRCLE('',#2392,0.0016);
#125=CIRCLE('',#2394,0.000825);
#126=ORIENTED_EDGE('',*,*,#720,.F.);
#127=ORIENTED_EDGE('',*,*,#721,.T.);
#128=ORIENTED_EDGE('',*,*,#722,.T.);
#129=ORIENTED_EDGE('',*,*,#723,.F.);
#130=ORIENTED_EDGE('',*,*,#724,.T.);
#131=ORIENTED_EDGE('',*,*,#725,.T.);
#132=ORIENTED_EDGE('',*,*,#726,.T.);
#133=ORIENTED_EDGE('',*,*,#727,.T.);
#134=ORIENTED_EDGE('',*,*,#728,.F.);
#135=ORIENTED_EDGE('',*,*,#729,.F.);
#136=ORIENTED_EDGE('',*,*,#730,.F.);
#137=ORIENTED_EDGE('',*,*,#731,.F.);
#138=ORIENTED_EDGE('',*,*,#732,.T.);
#139=ORIENTED_EDGE('',*,*,#733,.T.);
#140=ORIENTED_EDGE('',*,*,#734,.F.);
#141=ORIENTED_EDGE('',*,*,#735,.F.);
#142=ORIENTED_EDGE('',*,*,#736,.T.);
#143=ORIENTED_EDGE('',*,*,#737,.T.);
#144=ORIENTED_EDGE('',*,*,#738,.F.);
#145=ORIENTED_EDGE('',*,*,#739,.T.);
#146=ORIENTED_EDGE('',*,*,#740,.T.);
#147=ORIENTED_EDGE('',*,*,#741,.F.);
#148=ORIENTED_EDGE('',*,*,#742,.F.);
#149=ORIENTED_EDGE('',*,*,#743,.T.);
#150=ORIENTED_EDGE('',*,*,#744,.T.);
#151=ORIENTED_EDGE('',*,*,#745,.T.);
#152=ORIENTED_EDGE('',*,*,#746,.F.);
#153=ORIENTED_EDGE('',*,*,#747,.F.);
#154=ORIENTED_EDGE('',*,*,#748,.T.);
#155=ORIENTED_EDGE('',*,*,#749,.T.);
#156=ORIENTED_EDGE('',*,*,#750,.T.);
#157=ORIENTED_EDGE('',*,*,#751,.T.);
#158=ORIENTED_EDGE('',*,*,#752,.T.);
#159=ORIENTED_EDGE('',*,*,#753,.F.);
#160=ORIENTED_EDGE('',*,*,#754,.F.);
#161=ORIENTED_EDGE('',*,*,#755,.F.);
#162=ORIENTED_EDGE('',*,*,#756,.F.);
#163=ORIENTED_EDGE('',*,*,#757,.T.);
#164=ORIENTED_EDGE('',*,*,#758,.T.);
#165=ORIENTED_EDGE('',*,*,#759,.T.);
#166=ORIENTED_EDGE('',*,*,#760,.T.);
#167=ORIENTED_EDGE('',*,*,#761,.F.);
#168=ORIENTED_EDGE('',*,*,#762,.F.);
#169=ORIENTED_EDGE('',*,*,#763,.T.);
#170=ORIENTED_EDGE('',*,*,#764,.T.);
#171=ORIENTED_EDGE('',*,*,#765,.F.);
#172=ORIENTED_EDGE('',*,*,#766,.F.);
#173=ORIENTED_EDGE('',*,*,#767,.T.);
#174=ORIENTED_EDGE('',*,*,#768,.T.);
#175=ORIENTED_EDGE('',*,*,#769,.F.);
#176=ORIENTED_EDGE('',*,*,#770,.F.);
#177=ORIENTED_EDGE('',*,*,#771,.T.);
#178=ORIENTED_EDGE('',*,*,#772,.T.);
#179=ORIENTED_EDGE('',*,*,#773,.F.);
#180=ORIENTED_EDGE('',*,*,#774,.F.);
#181=ORIENTED_EDGE('',*,*,#775,.F.);
#182=ORIENTED_EDGE('',*,*,#776,.T.);
#183=ORIENTED_EDGE('',*,*,#777,.T.);
#184=ORIENTED_EDGE('',*,*,#778,.F.);
#185=ORIENTED_EDGE('',*,*,#779,.F.);
#186=ORIENTED_EDGE('',*,*,#780,.T.);
#187=ORIENTED_EDGE('',*,*,#781,.T.);
#188=ORIENTED_EDGE('',*,*,#782,.F.);
#189=ORIENTED_EDGE('',*,*,#783,.T.);
#190=ORIENTED_EDGE('',*,*,#784,.T.);
#191=ORIENTED_EDGE('',*,*,#785,.T.);
#192=ORIENTED_EDGE('',*,*,#786,.T.);
#193=ORIENTED_EDGE('',*,*,#787,.T.);
#194=ORIENTED_EDGE('',*,*,#788,.T.);
#195=ORIENTED_EDGE('',*,*,#789,.T.);
#196=ORIENTED_EDGE('',*,*,#790,.T.);
#197=ORIENTED_EDGE('',*,*,#791,.T.);
#198=ORIENTED_EDGE('',*,*,#792,.T.);
#199=ORIENTED_EDGE('',*,*,#793,.T.);
#200=ORIENTED_EDGE('',*,*,#794,.T.);
#201=ORIENTED_EDGE('',*,*,#795,.T.);
#202=ORIENTED_EDGE('',*,*,#796,.T.);
#203=ORIENTED_EDGE('',*,*,#797,.T.);
#204=ORIENTED_EDGE('',*,*,#798,.T.);
#205=ORIENTED_EDGE('',*,*,#799,.T.);
#206=ORIENTED_EDGE('',*,*,#800,.T.);
#207=ORIENTED_EDGE('',*,*,#801,.T.);
#208=ORIENTED_EDGE('',*,*,#802,.T.);
#209=ORIENTED_EDGE('',*,*,#803,.T.);
#210=ORIENTED_EDGE('',*,*,#804,.T.);
#211=ORIENTED_EDGE('',*,*,#805,.T.);
#212=ORIENTED_EDGE('',*,*,#806,.T.);
#213=ORIENTED_EDGE('',*,*,#807,.T.);
#214=ORIENTED_EDGE('',*,*,#808,.T.);
#215=ORIENTED_EDGE('',*,*,#809,.T.);
#216=ORIENTED_EDGE('',*,*,#810,.T.);
#217=ORIENTED_EDGE('',*,*,#811,.T.);
#218=ORIENTED_EDGE('',*,*,#812,.T.);
#219=ORIENTED_EDGE('',*,*,#813,.T.);
#220=ORIENTED_EDGE('',*,*,#814,.T.);
#221=ORIENTED_EDGE('',*,*,#815,.T.);
#222=ORIENTED_EDGE('',*,*,#816,.T.);
#223=ORIENTED_EDGE('',*,*,#817,.T.);
#224=ORIENTED_EDGE('',*,*,#818,.T.);
#225=ORIENTED_EDGE('',*,*,#819,.T.);
#226=ORIENTED_EDGE('',*,*,#820,.T.);
#227=ORIENTED_EDGE('',*,*,#821,.T.);
#228=ORIENTED_EDGE('',*,*,#822,.T.);
#229=ORIENTED_EDGE('',*,*,#823,.T.);
#230=ORIENTED_EDGE('',*,*,#824,.T.);
#231=ORIENTED_EDGE('',*,*,#825,.T.);
#232=ORIENTED_EDGE('',*,*,#826,.F.);
#233=ORIENTED_EDGE('',*,*,#827,.F.);
#234=ORIENTED_EDGE('',*,*,#828,.T.);
#235=ORIENTED_EDGE('',*,*,#829,.T.);
#236=ORIENTED_EDGE('',*,*,#830,.F.);
#237=ORIENTED_EDGE('',*,*,#831,.F.);
#238=ORIENTED_EDGE('',*,*,#832,.F.);
#239=ORIENTED_EDGE('',*,*,#833,.F.);
#240=ORIENTED_EDGE('',*,*,#834,.F.);
#241=ORIENTED_EDGE('',*,*,#835,.T.);
#242=ORIENTED_EDGE('',*,*,#836,.T.);
#243=ORIENTED_EDGE('',*,*,#837,.F.);
#244=ORIENTED_EDGE('',*,*,#838,.F.);
#245=ORIENTED_EDGE('',*,*,#839,.T.);
#246=ORIENTED_EDGE('',*,*,#840,.T.);
#247=ORIENTED_EDGE('',*,*,#841,.F.);
#248=ORIENTED_EDGE('',*,*,#842,.F.);
#249=ORIENTED_EDGE('',*,*,#843,.T.);
#250=ORIENTED_EDGE('',*,*,#844,.T.);
#251=ORIENTED_EDGE('',*,*,#845,.F.);
#252=ORIENTED_EDGE('',*,*,#846,.T.);
#253=ORIENTED_EDGE('',*,*,#847,.T.);
#254=ORIENTED_EDGE('',*,*,#848,.F.);
#255=ORIENTED_EDGE('',*,*,#831,.T.);
#256=ORIENTED_EDGE('',*,*,#849,.F.);
#257=ORIENTED_EDGE('',*,*,#837,.T.);
#258=ORIENTED_EDGE('',*,*,#850,.T.);
#259=ORIENTED_EDGE('',*,*,#745,.F.);
#260=ORIENTED_EDGE('',*,*,#748,.F.);
#261=ORIENTED_EDGE('',*,*,#851,.F.);
#262=ORIENTED_EDGE('',*,*,#834,.T.);
#263=ORIENTED_EDGE('',*,*,#852,.T.);
#264=ORIENTED_EDGE('',*,*,#747,.T.);
#265=ORIENTED_EDGE('',*,*,#853,.F.);
#266=ORIENTED_EDGE('',*,*,#835,.F.);
#267=ORIENTED_EDGE('',*,*,#851,.T.);
#268=ORIENTED_EDGE('',*,*,#746,.T.);
#269=ORIENTED_EDGE('',*,*,#850,.F.);
#270=ORIENTED_EDGE('',*,*,#836,.F.);
#271=ORIENTED_EDGE('',*,*,#853,.T.);
#272=ORIENTED_EDGE('',*,*,#854,.F.);
#273=ORIENTED_EDGE('',*,*,#749,.F.);
#274=ORIENTED_EDGE('',*,*,#852,.F.);
#275=ORIENTED_EDGE('',*,*,#833,.T.);
#276=ORIENTED_EDGE('',*,*,#855,.F.);
#277=ORIENTED_EDGE('',*,*,#856,.T.);
#278=ORIENTED_EDGE('',*,*,#857,.T.);
#279=ORIENTED_EDGE('',*,*,#758,.F.);
#280=ORIENTED_EDGE('',*,*,#858,.F.);
#281=ORIENTED_EDGE('',*,*,#859,.T.);
#282=ORIENTED_EDGE('',*,*,#855,.T.);
#283=ORIENTED_EDGE('',*,*,#757,.F.);
#284=ORIENTED_EDGE('',*,*,#860,.F.);
#285=ORIENTED_EDGE('',*,*,#861,.T.);
#286=ORIENTED_EDGE('',*,*,#858,.T.);
#287=ORIENTED_EDGE('',*,*,#756,.T.);
#288=ORIENTED_EDGE('',*,*,#857,.F.);
#289=ORIENTED_EDGE('',*,*,#862,.T.);
#290=ORIENTED_EDGE('',*,*,#860,.T.);
#291=ORIENTED_EDGE('',*,*,#755,.T.);
#292=ORIENTED_EDGE('',*,*,#863,.F.);
#293=ORIENTED_EDGE('',*,*,#864,.T.);
#294=ORIENTED_EDGE('',*,*,#865,.T.);
#295=ORIENTED_EDGE('',*,*,#739,.F.);
#296=ORIENTED_EDGE('',*,*,#866,.F.);
#297=ORIENTED_EDGE('',*,*,#867,.T.);
#298=ORIENTED_EDGE('',*,*,#863,.T.);
#299=ORIENTED_EDGE('',*,*,#742,.T.);
#300=ORIENTED_EDGE('',*,*,#868,.F.);
#301=ORIENTED_EDGE('',*,*,#869,.T.);
#302=ORIENTED_EDGE('',*,*,#866,.T.);
#303=ORIENTED_EDGE('',*,*,#741,.T.);
#304=ORIENTED_EDGE('',*,*,#865,.F.);
#305=ORIENTED_EDGE('',*,*,#870,.T.);
#306=ORIENTED_EDGE('',*,*,#868,.T.);
#307=ORIENTED_EDGE('',*,*,#740,.F.);
#308=ORIENTED_EDGE('',*,*,#871,.F.);
#309=ORIENTED_EDGE('',*,*,#872,.T.);
#310=ORIENTED_EDGE('',*,*,#873,.T.);
#311=ORIENTED_EDGE('',*,*,#735,.T.);
#312=ORIENTED_EDGE('',*,*,#874,.F.);
#313=ORIENTED_EDGE('',*,*,#875,.T.);
#314=ORIENTED_EDGE('',*,*,#871,.T.);
#315=ORIENTED_EDGE('',*,*,#738,.T.);
#316=ORIENTED_EDGE('',*,*,#876,.F.);
#317=ORIENTED_EDGE('',*,*,#877,.T.);
#318=ORIENTED_EDGE('',*,*,#874,.T.);
#319=ORIENTED_EDGE('',*,*,#737,.F.);
#320=ORIENTED_EDGE('',*,*,#873,.F.);
#321=ORIENTED_EDGE('',*,*,#878,.T.);
#322=ORIENTED_EDGE('',*,*,#876,.T.);
#323=ORIENTED_EDGE('',*,*,#736,.F.);
#324=ORIENTED_EDGE('',*,*,#879,.F.);
#325=ORIENTED_EDGE('',*,*,#880,.T.);
#326=ORIENTED_EDGE('',*,*,#881,.T.);
#327=ORIENTED_EDGE('',*,*,#734,.T.);
#328=ORIENTED_EDGE('',*,*,#882,.F.);
#329=ORIENTED_EDGE('',*,*,#883,.T.);
#330=ORIENTED_EDGE('',*,*,#879,.T.);
#331=ORIENTED_EDGE('',*,*,#733,.F.);
#332=ORIENTED_EDGE('',*,*,#884,.F.);
#333=ORIENTED_EDGE('',*,*,#885,.T.);
#334=ORIENTED_EDGE('',*,*,#882,.T.);
#335=ORIENTED_EDGE('',*,*,#732,.F.);
#336=ORIENTED_EDGE('',*,*,#881,.F.);
#337=ORIENTED_EDGE('',*,*,#886,.T.);
#338=ORIENTED_EDGE('',*,*,#884,.T.);
#339=ORIENTED_EDGE('',*,*,#731,.T.);
#340=ORIENTED_EDGE('',*,*,#887,.T.);
#341=ORIENTED_EDGE('',*,*,#730,.T.);
#342=ORIENTED_EDGE('',*,*,#888,.T.);
#343=ORIENTED_EDGE('',*,*,#729,.T.);
#344=ORIENTED_EDGE('',*,*,#889,.F.);
#345=ORIENTED_EDGE('',*,*,#890,.T.);
#346=ORIENTED_EDGE('',*,*,#891,.T.);
#347=ORIENTED_EDGE('',*,*,#759,.F.);
#348=ORIENTED_EDGE('',*,*,#892,.F.);
#349=ORIENTED_EDGE('',*,*,#893,.T.);
#350=ORIENTED_EDGE('',*,*,#889,.T.);
#351=ORIENTED_EDGE('',*,*,#762,.T.);
#352=ORIENTED_EDGE('',*,*,#894,.F.);
#353=ORIENTED_EDGE('',*,*,#895,.T.);
#354=ORIENTED_EDGE('',*,*,#892,.T.);
#355=ORIENTED_EDGE('',*,*,#761,.T.);
#356=ORIENTED_EDGE('',*,*,#891,.F.);
#357=ORIENTED_EDGE('',*,*,#896,.T.);
#358=ORIENTED_EDGE('',*,*,#894,.T.);
#359=ORIENTED_EDGE('',*,*,#760,.F.);
#360=ORIENTED_EDGE('',*,*,#897,.F.);
#361=ORIENTED_EDGE('',*,*,#898,.T.);
#362=ORIENTED_EDGE('',*,*,#899,.T.);
#363=ORIENTED_EDGE('',*,*,#763,.F.);
#364=ORIENTED_EDGE('',*,*,#900,.F.);
#365=ORIENTED_EDGE('',*,*,#901,.T.);
#366=ORIENTED_EDGE('',*,*,#897,.T.);
#367=ORIENTED_EDGE('',*,*,#766,.T.);
#368=ORIENTED_EDGE('',*,*,#902,.F.);
#369=ORIENTED_EDGE('',*,*,#903,.T.);
#370=ORIENTED_EDGE('',*,*,#900,.T.);
#371=ORIENTED_EDGE('',*,*,#765,.T.);
#372=ORIENTED_EDGE('',*,*,#899,.F.);
#373=ORIENTED_EDGE('',*,*,#904,.T.);
#374=ORIENTED_EDGE('',*,*,#902,.T.);
#375=ORIENTED_EDGE('',*,*,#764,.F.);
#376=ORIENTED_EDGE('',*,*,#905,.F.);
#377=ORIENTED_EDGE('',*,*,#906,.T.);
#378=ORIENTED_EDGE('',*,*,#907,.T.);
#379=ORIENTED_EDGE('',*,*,#767,.F.);
#380=ORIENTED_EDGE('',*,*,#908,.F.);
#381=ORIENTED_EDGE('',*,*,#909,.T.);
#382=ORIENTED_EDGE('',*,*,#905,.T.);
#383=ORIENTED_EDGE('',*,*,#770,.T.);
#384=ORIENTED_EDGE('',*,*,#910,.F.);
#385=ORIENTED_EDGE('',*,*,#911,.T.);
#386=ORIENTED_EDGE('',*,*,#908,.T.);
#387=ORIENTED_EDGE('',*,*,#769,.T.);
#388=ORIENTED_EDGE('',*,*,#907,.F.);
#389=ORIENTED_EDGE('',*,*,#912,.T.);
#390=ORIENTED_EDGE('',*,*,#910,.T.);
#391=ORIENTED_EDGE('',*,*,#768,.F.);
#392=ORIENTED_EDGE('',*,*,#913,.F.);
#393=ORIENTED_EDGE('',*,*,#914,.T.);
#394=ORIENTED_EDGE('',*,*,#915,.T.);
#395=ORIENTED_EDGE('',*,*,#771,.F.);
#396=ORIENTED_EDGE('',*,*,#916,.F.);
#397=ORIENTED_EDGE('',*,*,#917,.T.);
#398=ORIENTED_EDGE('',*,*,#913,.T.);
#399=ORIENTED_EDGE('',*,*,#774,.T.);
#400=ORIENTED_EDGE('',*,*,#918,.F.);
#401=ORIENTED_EDGE('',*,*,#919,.T.);
#402=ORIENTED_EDGE('',*,*,#916,.T.);
#403=ORIENTED_EDGE('',*,*,#773,.T.);
#404=ORIENTED_EDGE('',*,*,#915,.F.);
#405=ORIENTED_EDGE('',*,*,#920,.T.);
#406=ORIENTED_EDGE('',*,*,#918,.T.);
#407=ORIENTED_EDGE('',*,*,#772,.F.);
#408=ORIENTED_EDGE('',*,*,#921,.F.);
#409=ORIENTED_EDGE('',*,*,#922,.T.);
#410=ORIENTED_EDGE('',*,*,#923,.T.);
#411=ORIENTED_EDGE('',*,*,#775,.T.);
#412=ORIENTED_EDGE('',*,*,#924,.F.);
#413=ORIENTED_EDGE('',*,*,#925,.T.);
#414=ORIENTED_EDGE('',*,*,#921,.T.);
#415=ORIENTED_EDGE('',*,*,#778,.T.);
#416=ORIENTED_EDGE('',*,*,#926,.F.);
#417=ORIENTED_EDGE('',*,*,#927,.T.);
#418=ORIENTED_EDGE('',*,*,#924,.T.);
#419=ORIENTED_EDGE('',*,*,#777,.F.);
#420=ORIENTED_EDGE('',*,*,#923,.F.);
#421=ORIENTED_EDGE('',*,*,#928,.T.);
#422=ORIENTED_EDGE('',*,*,#926,.T.);
#423=ORIENTED_EDGE('',*,*,#776,.F.);
#424=ORIENTED_EDGE('',*,*,#929,.T.);
#425=ORIENTED_EDGE('',*,*,#728,.T.);
#426=ORIENTED_EDGE('',*,*,#930,.T.);
#427=ORIENTED_EDGE('',*,*,#931,.T.);
#428=ORIENTED_EDGE('',*,*,#932,.T.);
#429=ORIENTED_EDGE('',*,*,#933,.T.);
#430=ORIENTED_EDGE('',*,*,#846,.F.);
#431=ORIENTED_EDGE('',*,*,#830,.T.);
#432=ORIENTED_EDGE('',*,*,#934,.T.);
#433=ORIENTED_EDGE('',*,*,#935,.T.);
#434=ORIENTED_EDGE('',*,*,#936,.T.);
#435=ORIENTED_EDGE('',*,*,#937,.T.);
#436=ORIENTED_EDGE('',*,*,#938,.T.);
#437=ORIENTED_EDGE('',*,*,#939,.T.);
#438=ORIENTED_EDGE('',*,*,#940,.F.);
#439=ORIENTED_EDGE('',*,*,#828,.F.);
#440=ORIENTED_EDGE('',*,*,#941,.T.);
#441=ORIENTED_EDGE('',*,*,#942,.T.);
#442=ORIENTED_EDGE('',*,*,#940,.T.);
#443=ORIENTED_EDGE('',*,*,#943,.T.);
#444=ORIENTED_EDGE('',*,*,#930,.F.);
#445=ORIENTED_EDGE('',*,*,#829,.F.);
#446=ORIENTED_EDGE('',*,*,#944,.F.);
#447=ORIENTED_EDGE('',*,*,#945,.T.);
#448=ORIENTED_EDGE('',*,*,#941,.F.);
#449=ORIENTED_EDGE('',*,*,#827,.T.);
#450=ORIENTED_EDGE('',*,*,#754,.T.);
#451=ORIENTED_EDGE('',*,*,#946,.T.);
#452=ORIENTED_EDGE('',*,*,#947,.F.);
#453=ORIENTED_EDGE('',*,*,#948,.F.);
#454=ORIENTED_EDGE('',*,*,#751,.F.);
#455=ORIENTED_EDGE('',*,*,#949,.T.);
#456=ORIENTED_EDGE('',*,*,#743,.F.);
#457=ORIENTED_EDGE('',*,*,#948,.T.);
#458=ORIENTED_EDGE('',*,*,#950,.T.);
#459=ORIENTED_EDGE('',*,*,#951,.F.);
#460=ORIENTED_EDGE('',*,*,#951,.T.);
#461=ORIENTED_EDGE('',*,*,#952,.T.);
#462=ORIENTED_EDGE('',*,*,#953,.F.);
#463=ORIENTED_EDGE('',*,*,#752,.F.);
#464=ORIENTED_EDGE('',*,*,#753,.T.);
#465=ORIENTED_EDGE('',*,*,#953,.T.);
#466=ORIENTED_EDGE('',*,*,#954,.F.);
#467=ORIENTED_EDGE('',*,*,#946,.F.);
#468=ORIENTED_EDGE('',*,*,#947,.T.);
#469=ORIENTED_EDGE('',*,*,#954,.T.);
#470=ORIENTED_EDGE('',*,*,#952,.F.);
#471=ORIENTED_EDGE('',*,*,#950,.F.);
#472=ORIENTED_EDGE('',*,*,#848,.T.);
#473=ORIENTED_EDGE('',*,*,#955,.T.);
#474=ORIENTED_EDGE('',*,*,#944,.T.);
#475=ORIENTED_EDGE('',*,*,#826,.T.);
#476=ORIENTED_EDGE('',*,*,#849,.T.);
#477=ORIENTED_EDGE('',*,*,#744,.F.);
#478=ORIENTED_EDGE('',*,*,#949,.F.);
#479=ORIENTED_EDGE('',*,*,#750,.F.);
#480=ORIENTED_EDGE('',*,*,#854,.T.);
#481=ORIENTED_EDGE('',*,*,#832,.T.);
#482=ORIENTED_EDGE('',*,*,#933,.F.);
#483=ORIENTED_EDGE('',*,*,#956,.T.);
#484=ORIENTED_EDGE('',*,*,#942,.F.);
#485=ORIENTED_EDGE('',*,*,#945,.F.);
#486=ORIENTED_EDGE('',*,*,#955,.F.);
#487=ORIENTED_EDGE('',*,*,#847,.F.);
#488=ORIENTED_EDGE('',*,*,#936,.F.);
#489=ORIENTED_EDGE('',*,*,#957,.T.);
#490=ORIENTED_EDGE('',*,*,#938,.F.);
#491=ORIENTED_EDGE('',*,*,#958,.F.);
#492=ORIENTED_EDGE('',*,*,#958,.T.);
#493=ORIENTED_EDGE('',*,*,#956,.F.);
#494=ORIENTED_EDGE('',*,*,#959,.F.);
#495=ORIENTED_EDGE('',*,*,#937,.F.);
#496=ORIENTED_EDGE('',*,*,#932,.F.);
#497=ORIENTED_EDGE('',*,*,#960,.T.);
#498=ORIENTED_EDGE('',*,*,#934,.F.);
#499=ORIENTED_EDGE('',*,*,#959,.T.);
#500=ORIENTED_EDGE('',*,*,#961,.T.);
#501=ORIENTED_EDGE('',*,*,#962,.F.);
#502=ORIENTED_EDGE('',*,*,#963,.F.);
#503=ORIENTED_EDGE('',*,*,#962,.T.);
#504=ORIENTED_EDGE('',*,*,#964,.T.);
#505=ORIENTED_EDGE('',*,*,#965,.F.);
#506=ORIENTED_EDGE('',*,*,#966,.F.);
#507=ORIENTED_EDGE('',*,*,#965,.T.);
#508=ORIENTED_EDGE('',*,*,#967,.T.);
#509=ORIENTED_EDGE('',*,*,#968,.F.);
#510=ORIENTED_EDGE('',*,*,#969,.F.);
#511=ORIENTED_EDGE('',*,*,#968,.T.);
#512=ORIENTED_EDGE('',*,*,#970,.T.);
#513=ORIENTED_EDGE('',*,*,#971,.F.);
#514=ORIENTED_EDGE('',*,*,#972,.F.);
#515=ORIENTED_EDGE('',*,*,#971,.T.);
#516=ORIENTED_EDGE('',*,*,#822,.F.);
#517=ORIENTED_EDGE('',*,*,#970,.F.);
#518=ORIENTED_EDGE('',*,*,#823,.F.);
#519=ORIENTED_EDGE('',*,*,#961,.F.);
#520=ORIENTED_EDGE('',*,*,#824,.F.);
#521=ORIENTED_EDGE('',*,*,#964,.F.);
#522=ORIENTED_EDGE('',*,*,#825,.F.);
#523=ORIENTED_EDGE('',*,*,#967,.F.);
#524=ORIENTED_EDGE('',*,*,#972,.T.);
#525=ORIENTED_EDGE('',*,*,#725,.F.);
#526=ORIENTED_EDGE('',*,*,#969,.T.);
#527=ORIENTED_EDGE('',*,*,#726,.F.);
#528=ORIENTED_EDGE('',*,*,#966,.T.);
#529=ORIENTED_EDGE('',*,*,#724,.F.);
#530=ORIENTED_EDGE('',*,*,#963,.T.);
#531=ORIENTED_EDGE('',*,*,#727,.F.);
#532=ORIENTED_EDGE('',*,*,#839,.F.);
#533=ORIENTED_EDGE('',*,*,#973,.F.);
#534=ORIENTED_EDGE('',*,*,#720,.T.);
#535=ORIENTED_EDGE('',*,*,#974,.T.);
#536=ORIENTED_EDGE('',*,*,#838,.T.);
#537=ORIENTED_EDGE('',*,*,#975,.F.);
#538=ORIENTED_EDGE('',*,*,#721,.F.);
#539=ORIENTED_EDGE('',*,*,#973,.T.);
#540=ORIENTED_EDGE('',*,*,#841,.T.);
#541=ORIENTED_EDGE('',*,*,#976,.F.);
#542=ORIENTED_EDGE('',*,*,#722,.F.);
#543=ORIENTED_EDGE('',*,*,#975,.T.);
#544=ORIENTED_EDGE('',*,*,#840,.F.);
#545=ORIENTED_EDGE('',*,*,#974,.F.);
#546=ORIENTED_EDGE('',*,*,#723,.T.);
#547=ORIENTED_EDGE('',*,*,#976,.T.);
#548=ORIENTED_EDGE('',*,*,#843,.F.);
#549=ORIENTED_EDGE('',*,*,#977,.F.);
#550=ORIENTED_EDGE('',*,*,#779,.T.);
#551=ORIENTED_EDGE('',*,*,#978,.T.);
#552=ORIENTED_EDGE('',*,*,#842,.T.);
#553=ORIENTED_EDGE('',*,*,#979,.F.);
#554=ORIENTED_EDGE('',*,*,#780,.F.);
#555=ORIENTED_EDGE('',*,*,#977,.T.);
#556=ORIENTED_EDGE('',*,*,#845,.T.);
#557=ORIENTED_EDGE('',*,*,#980,.F.);
#558=ORIENTED_EDGE('',*,*,#781,.F.);
#559=ORIENTED_EDGE('',*,*,#979,.T.);
#560=ORIENTED_EDGE('',*,*,#844,.F.);
#561=ORIENTED_EDGE('',*,*,#978,.F.);
#562=ORIENTED_EDGE('',*,*,#782,.T.);
#563=ORIENTED_EDGE('',*,*,#980,.T.);
#564=ORIENTED_EDGE('',*,*,#931,.F.);
#565=ORIENTED_EDGE('',*,*,#943,.F.);
#566=ORIENTED_EDGE('',*,*,#939,.F.);
#567=ORIENTED_EDGE('',*,*,#957,.F.);
#568=ORIENTED_EDGE('',*,*,#935,.F.);
#569=ORIENTED_EDGE('',*,*,#960,.F.);
#570=ORIENTED_EDGE('',*,*,#981,.F.);
#571=ORIENTED_EDGE('',*,*,#895,.F.);
#572=ORIENTED_EDGE('',*,*,#982,.F.);
#573=ORIENTED_EDGE('',*,*,#810,.F.);
#574=ORIENTED_EDGE('',*,*,#982,.T.);
#575=ORIENTED_EDGE('',*,*,#896,.F.);
#576=ORIENTED_EDGE('',*,*,#983,.F.);
#577=ORIENTED_EDGE('',*,*,#807,.F.);
#578=ORIENTED_EDGE('',*,*,#981,.T.);
#579=ORIENTED_EDGE('',*,*,#809,.F.);
#580=ORIENTED_EDGE('',*,*,#984,.F.);
#581=ORIENTED_EDGE('',*,*,#893,.F.);
#582=ORIENTED_EDGE('',*,*,#983,.T.);
#583=ORIENTED_EDGE('',*,*,#890,.F.);
#584=ORIENTED_EDGE('',*,*,#984,.T.);
#585=ORIENTED_EDGE('',*,*,#808,.F.);
#586=ORIENTED_EDGE('',*,*,#985,.F.);
#587=ORIENTED_EDGE('',*,*,#903,.F.);
#588=ORIENTED_EDGE('',*,*,#986,.F.);
#589=ORIENTED_EDGE('',*,*,#814,.F.);
#590=ORIENTED_EDGE('',*,*,#986,.T.);
#591=ORIENTED_EDGE('',*,*,#904,.F.);
#592=ORIENTED_EDGE('',*,*,#987,.F.);
#593=ORIENTED_EDGE('',*,*,#811,.F.);
#594=ORIENTED_EDGE('',*,*,#985,.T.);
#595=ORIENTED_EDGE('',*,*,#813,.F.);
#596=ORIENTED_EDGE('',*,*,#988,.F.);
#597=ORIENTED_EDGE('',*,*,#901,.F.);
#598=ORIENTED_EDGE('',*,*,#987,.T.);
#599=ORIENTED_EDGE('',*,*,#898,.F.);
#600=ORIENTED_EDGE('',*,*,#988,.T.);
#601=ORIENTED_EDGE('',*,*,#812,.F.);
#602=ORIENTED_EDGE('',*,*,#989,.F.);
#603=ORIENTED_EDGE('',*,*,#818,.F.);
#604=ORIENTED_EDGE('',*,*,#990,.F.);
#605=ORIENTED_EDGE('',*,*,#919,.F.);
#606=ORIENTED_EDGE('',*,*,#990,.T.);
#607=ORIENTED_EDGE('',*,*,#817,.F.);
#608=ORIENTED_EDGE('',*,*,#991,.F.);
#609=ORIENTED_EDGE('',*,*,#917,.F.);
#610=ORIENTED_EDGE('',*,*,#989,.T.);
#611=ORIENTED_EDGE('',*,*,#920,.F.);
#612=ORIENTED_EDGE('',*,*,#992,.F.);
#613=ORIENTED_EDGE('',*,*,#815,.F.);
#614=ORIENTED_EDGE('',*,*,#991,.T.);
#615=ORIENTED_EDGE('',*,*,#816,.F.);
#616=ORIENTED_EDGE('',*,*,#992,.T.);
#617=ORIENTED_EDGE('',*,*,#914,.F.);
#618=ORIENTED_EDGE('',*,*,#819,.F.);
#619=ORIENTED_EDGE('',*,*,#888,.F.);
#620=ORIENTED_EDGE('',*,*,#820,.F.);
#621=ORIENTED_EDGE('',*,*,#887,.F.);
#622=ORIENTED_EDGE('',*,*,#821,.F.);
#623=ORIENTED_EDGE('',*,*,#929,.F.);
#624=ORIENTED_EDGE('',*,*,#993,.F.);
#625=ORIENTED_EDGE('',*,*,#786,.F.);
#626=ORIENTED_EDGE('',*,*,#994,.F.);
#627=ORIENTED_EDGE('',*,*,#883,.F.);
#628=ORIENTED_EDGE('',*,*,#994,.T.);
#629=ORIENTED_EDGE('',*,*,#785,.F.);
#630=ORIENTED_EDGE('',*,*,#995,.F.);
#631=ORIENTED_EDGE('',*,*,#880,.F.);
#632=ORIENTED_EDGE('',*,*,#993,.T.);
#633=ORIENTED_EDGE('',*,*,#885,.F.);
#634=ORIENTED_EDGE('',*,*,#996,.F.);
#635=ORIENTED_EDGE('',*,*,#783,.F.);
#636=ORIENTED_EDGE('',*,*,#995,.T.);
#637=ORIENTED_EDGE('',*,*,#784,.F.);
#638=ORIENTED_EDGE('',*,*,#996,.T.);
#639=ORIENTED_EDGE('',*,*,#886,.F.);
#640=ORIENTED_EDGE('',*,*,#997,.F.);
#641=ORIENTED_EDGE('',*,*,#925,.F.);
#642=ORIENTED_EDGE('',*,*,#998,.F.);
#643=ORIENTED_EDGE('',*,*,#790,.F.);
#644=ORIENTED_EDGE('',*,*,#998,.T.);
#645=ORIENTED_EDGE('',*,*,#927,.F.);
#646=ORIENTED_EDGE('',*,*,#999,.F.);
#647=ORIENTED_EDGE('',*,*,#787,.F.);
#648=ORIENTED_EDGE('',*,*,#997,.T.);
#649=ORIENTED_EDGE('',*,*,#789,.F.);
#650=ORIENTED_EDGE('',*,*,#1000,.F.);
#651=ORIENTED_EDGE('',*,*,#922,.F.);
#652=ORIENTED_EDGE('',*,*,#999,.T.);
#653=ORIENTED_EDGE('',*,*,#928,.F.);
#654=ORIENTED_EDGE('',*,*,#1000,.T.);
#655=ORIENTED_EDGE('',*,*,#788,.F.);
#656=ORIENTED_EDGE('',*,*,#1001,.F.);
#657=ORIENTED_EDGE('',*,*,#794,.F.);
#658=ORIENTED_EDGE('',*,*,#1002,.F.);
#659=ORIENTED_EDGE('',*,*,#870,.F.);
#660=ORIENTED_EDGE('',*,*,#1002,.T.);
#661=ORIENTED_EDGE('',*,*,#793,.F.);
#662=ORIENTED_EDGE('',*,*,#1003,.F.);
#663=ORIENTED_EDGE('',*,*,#869,.F.);
#664=ORIENTED_EDGE('',*,*,#1001,.T.);
#665=ORIENTED_EDGE('',*,*,#864,.F.);
#666=ORIENTED_EDGE('',*,*,#1004,.F.);
#667=ORIENTED_EDGE('',*,*,#791,.F.);
#668=ORIENTED_EDGE('',*,*,#1003,.T.);
#669=ORIENTED_EDGE('',*,*,#792,.F.);
#670=ORIENTED_EDGE('',*,*,#1004,.T.);
#671=ORIENTED_EDGE('',*,*,#867,.F.);
#672=ORIENTED_EDGE('',*,*,#1005,.F.);
#673=ORIENTED_EDGE('',*,*,#875,.F.);
#674=ORIENTED_EDGE('',*,*,#1006,.F.);
#675=ORIENTED_EDGE('',*,*,#798,.F.);
#676=ORIENTED_EDGE('',*,*,#1006,.T.);
#677=ORIENTED_EDGE('',*,*,#877,.F.);
#678=ORIENTED_EDGE('',*,*,#1007,.F.);
#679=ORIENTED_EDGE('',*,*,#795,.F.);
#680=ORIENTED_EDGE('',*,*,#1005,.T.);
#681=ORIENTED_EDGE('',*,*,#797,.F.);
#682=ORIENTED_EDGE('',*,*,#1008,.F.);
#683=ORIENTED_EDGE('',*,*,#872,.F.);
#684=ORIENTED_EDGE('',*,*,#1007,.T.);
#685=ORIENTED_EDGE('',*,*,#878,.F.);
#686=ORIENTED_EDGE('',*,*,#1008,.T.);
#687=ORIENTED_EDGE('',*,*,#796,.F.);
#688=ORIENTED_EDGE('',*,*,#1009,.F.);
#689=ORIENTED_EDGE('',*,*,#802,.F.);
#690=ORIENTED_EDGE('',*,*,#1010,.F.);
#691=ORIENTED_EDGE('',*,*,#912,.F.);
#692=ORIENTED_EDGE('',*,*,#1010,.T.);
#693=ORIENTED_EDGE('',*,*,#801,.F.);
#694=ORIENTED_EDGE('',*,*,#1011,.F.);
#695=ORIENTED_EDGE('',*,*,#911,.F.);
#696=ORIENTED_EDGE('',*,*,#1009,.T.);
#697=ORIENTED_EDGE('',*,*,#906,.F.);
#698=ORIENTED_EDGE('',*,*,#1012,.F.);
#699=ORIENTED_EDGE('',*,*,#799,.F.);
#700=ORIENTED_EDGE('',*,*,#1011,.T.);
#701=ORIENTED_EDGE('',*,*,#800,.F.);
#702=ORIENTED_EDGE('',*,*,#1012,.T.);
#703=ORIENTED_EDGE('',*,*,#909,.F.);
#704=ORIENTED_EDGE('',*,*,#1013,.F.);
#705=ORIENTED_EDGE('',*,*,#862,.F.);
#706=ORIENTED_EDGE('',*,*,#1014,.F.);
#707=ORIENTED_EDGE('',*,*,#806,.F.);
#708=ORIENTED_EDGE('',*,*,#1014,.T.);
#709=ORIENTED_EDGE('',*,*,#856,.F.);
#710=ORIENTED_EDGE('',*,*,#1015,.F.);
#711=ORIENTED_EDGE('',*,*,#803,.F.);
#712=ORIENTED_EDGE('',*,*,#1013,.T.);
#713=ORIENTED_EDGE('',*,*,#805,.F.);
#714=ORIENTED_EDGE('',*,*,#1016,.F.);
#715=ORIENTED_EDGE('',*,*,#861,.F.);
#716=ORIENTED_EDGE('',*,*,#1015,.T.);
#717=ORIENTED_EDGE('',*,*,#859,.F.);
#718=ORIENTED_EDGE('',*,*,#1016,.T.);
#719=ORIENTED_EDGE('',*,*,#804,.F.);
#720=EDGE_CURVE('',#1017,#1018,#1212,.T.);
#721=EDGE_CURVE('',#1017,#1019,#1213,.T.);
#722=EDGE_CURVE('',#1019,#1020,#1214,.T.);
#723=EDGE_CURVE('',#1018,#1020,#1215,.T.);
#724=EDGE_CURVE('',#1021,#1021,#56,.T.);
#725=EDGE_CURVE('',#1022,#1022,#57,.T.);
#726=EDGE_CURVE('',#1023,#1023,#58,.T.);
#727=EDGE_CURVE('',#1024,#1024,#59,.T.);
#728=EDGE_CURVE('',#1025,#1025,#60,.F.);
#729=EDGE_CURVE('',#1026,#1026,#61,.F.);
#730=EDGE_CURVE('',#1027,#1027,#62,.F.);
#731=EDGE_CURVE('',#1028,#1029,#63,.F.);
#732=EDGE_CURVE('',#1028,#1030,#1216,.T.);
#733=EDGE_CURVE('',#1030,#1031,#64,.T.);
#734=EDGE_CURVE('',#1029,#1031,#1217,.T.);
#735=EDGE_CURVE('',#1032,#1033,#1218,.T.);
#736=EDGE_CURVE('',#1032,#1034,#65,.T.);
#737=EDGE_CURVE('',#1034,#1035,#1219,.T.);
#738=EDGE_CURVE('',#1033,#1035,#66,.F.);
#739=EDGE_CURVE('',#1036,#1037,#1220,.T.);
#740=EDGE_CURVE('',#1037,#1038,#67,.T.);
#741=EDGE_CURVE('',#1039,#1038,#1221,.T.);
#742=EDGE_CURVE('',#1036,#1039,#68,.F.);
#743=EDGE_CURVE('',#1040,#1041,#1222,.T.);
#744=EDGE_CURVE('',#1041,#1042,#1223,.T.);
#745=EDGE_CURVE('',#1042,#1043,#1224,.T.);
#746=EDGE_CURVE('',#1044,#1043,#1225,.T.);
#747=EDGE_CURVE('',#1045,#1044,#1226,.T.);
#748=EDGE_CURVE('',#1045,#1046,#1227,.T.);
#749=EDGE_CURVE('',#1046,#1047,#1228,.T.);
#750=EDGE_CURVE('',#1047,#1048,#1229,.F.);
#751=EDGE_CURVE('',#1048,#1049,#1230,.T.);
#752=EDGE_CURVE('',#1049,#1050,#1231,.T.);
#753=EDGE_CURVE('',#1051,#1050,#1232,.T.);
#754=EDGE_CURVE('',#1040,#1051,#1233,.T.);
#755=EDGE_CURVE('',#1052,#1053,#69,.F.);
#756=EDGE_CURVE('',#1054,#1052,#1234,.T.);
#757=EDGE_CURVE('',#1054,#1055,#70,.T.);
#758=EDGE_CURVE('',#1055,#1053,#1235,.T.);
#759=EDGE_CURVE('',#1056,#1057,#1236,.T.);
#760=EDGE_CURVE('',#1057,#1058,#1237,.T.);
#761=EDGE_CURVE('',#1059,#1058,#1238,.T.);
#762=EDGE_CURVE('',#1056,#1059,#1239,.T.);
#763=EDGE_CURVE('',#1060,#1061,#1240,.T.);
#764=EDGE_CURVE('',#1061,#1062,#1241,.T.);
#765=EDGE_CURVE('',#1063,#1062,#1242,.T.);
#766=EDGE_CURVE('',#1060,#1063,#1243,.T.);
#767=EDGE_CURVE('',#1064,#1065,#1244,.T.);
#768=EDGE_CURVE('',#1065,#1066,#71,.T.);
#769=EDGE_CURVE('',#1067,#1066,#1245,.T.);
#770=EDGE_CURVE('',#1064,#1067,#72,.F.);
#771=EDGE_CURVE('',#1068,#1069,#1246,.T.);
#772=EDGE_CURVE('',#1069,#1070,#1247,.T.);
#773=EDGE_CURVE('',#1071,#1070,#1248,.T.);
#774=EDGE_CURVE('',#1068,#1071,#1249,.T.);
#775=EDGE_CURVE('',#1072,#1073,#1250,.T.);
#776=EDGE_CURVE('',#1072,#1074,#73,.T.);
#777=EDGE_CURVE('',#1074,#1075,#1251,.T.);
#778=EDGE_CURVE('',#1073,#1075,#74,.F.);
#779=EDGE_CURVE('',#1076,#1077,#1252,.T.);
#780=EDGE_CURVE('',#1076,#1078,#1253,.T.);
#781=EDGE_CURVE('',#1078,#1079,#1254,.T.);
#782=EDGE_CURVE('',#1077,#1079,#1255,.T.);
#783=EDGE_CURVE('',#1080,#1081,#1256,.T.);
#784=EDGE_CURVE('',#1081,#1082,#75,.F.);
#785=EDGE_CURVE('',#1082,#1083,#1257,.T.);
#786=EDGE_CURVE('',#1083,#1080,#76,.F.);
#787=EDGE_CURVE('',#1084,#1085,#1258,.T.);
#788=EDGE_CURVE('',#1085,#1086,#77,.F.);
#789=EDGE_CURVE('',#1086,#1087,#1259,.T.);
#790=EDGE_CURVE('',#1087,#1084,#78,.F.);
#791=EDGE_CURVE('',#1088,#1089,#1260,.T.);
#792=EDGE_CURVE('',#1089,#1090,#79,.F.);
#793=EDGE_CURVE('',#1090,#1091,#1261,.T.);
#794=EDGE_CURVE('',#1091,#1088,#80,.F.);
#795=EDGE_CURVE('',#1092,#1093,#1262,.T.);
#796=EDGE_CURVE('',#1093,#1094,#81,.F.);
#797=EDGE_CURVE('',#1094,#1095,#1263,.T.);
#798=EDGE_CURVE('',#1095,#1092,#82,.F.);
#799=EDGE_CURVE('',#1096,#1097,#1264,.T.);
#800=EDGE_CURVE('',#1097,#1098,#83,.F.);
#801=EDGE_CURVE('',#1098,#1099,#1265,.T.);
#802=EDGE_CURVE('',#1099,#1096,#84,.F.);
#803=EDGE_CURVE('',#1100,#1101,#1266,.T.);
#804=EDGE_CURVE('',#1101,#1102,#85,.F.);
#805=EDGE_CURVE('',#1102,#1103,#1267,.T.);
#806=EDGE_CURVE('',#1103,#1100,#86,.F.);
#807=EDGE_CURVE('',#1104,#1105,#1268,.T.);
#808=EDGE_CURVE('',#1105,#1106,#1269,.T.);
#809=EDGE_CURVE('',#1106,#1107,#1270,.T.);
#810=EDGE_CURVE('',#1107,#1104,#1271,.T.);
#811=EDGE_CURVE('',#1108,#1109,#1272,.T.);
#812=EDGE_CURVE('',#1109,#1110,#1273,.T.);
#813=EDGE_CURVE('',#1110,#1111,#1274,.T.);
#814=EDGE_CURVE('',#1111,#1108,#1275,.T.);
#815=EDGE_CURVE('',#1112,#1113,#1276,.T.);
#816=EDGE_CURVE('',#1113,#1114,#1277,.T.);
#817=EDGE_CURVE('',#1114,#1115,#1278,.T.);
#818=EDGE_CURVE('',#1115,#1112,#1279,.T.);
#819=EDGE_CURVE('',#1116,#1116,#87,.F.);
#820=EDGE_CURVE('',#1117,#1117,#88,.F.);
#821=EDGE_CURVE('',#1118,#1118,#89,.F.);
#822=EDGE_CURVE('',#1119,#1119,#90,.F.);
#823=EDGE_CURVE('',#1120,#1120,#91,.F.);
#824=EDGE_CURVE('',#1121,#1121,#92,.F.);
#825=EDGE_CURVE('',#1122,#1122,#93,.F.);
#826=EDGE_CURVE('',#1123,#1124,#1280,.T.);
#827=EDGE_CURVE('',#1125,#1123,#1281,.T.);
#828=EDGE_CURVE('',#1125,#1126,#1282,.T.);
#829=EDGE_CURVE('',#1126,#1127,#1283,.F.);
#830=EDGE_CURVE('',#1128,#1127,#1284,.T.);
#831=EDGE_CURVE('',#1129,#1128,#1285,.T.);
#832=EDGE_CURVE('',#1130,#1129,#1286,.F.);
#833=EDGE_CURVE('',#1131,#1130,#1287,.T.);
#834=EDGE_CURVE('',#1132,#1131,#1288,.T.);
#835=EDGE_CURVE('',#1132,#1133,#1289,.T.);
#836=EDGE_CURVE('',#1133,#1134,#1290,.T.);
#837=EDGE_CURVE('',#1124,#1134,#1291,.T.);
#838=EDGE_CURVE('',#1135,#1136,#1292,.T.);
#839=EDGE_CURVE('',#1135,#1137,#1293,.T.);
#840=EDGE_CURVE('',#1137,#1138,#1294,.T.);
#841=EDGE_CURVE('',#1136,#1138,#1295,.T.);
#842=EDGE_CURVE('',#1139,#1140,#1296,.T.);
#843=EDGE_CURVE('',#1139,#1141,#1297,.T.);
#844=EDGE_CURVE('',#1141,#1142,#1298,.T.);
#845=EDGE_CURVE('',#1140,#1142,#1299,.T.);
#846=EDGE_CURVE('',#1128,#1143,#1300,.T.);
#847=EDGE_CURVE('',#1143,#1144,#1301,.T.);
#848=EDGE_CURVE('',#1129,#1144,#94,.T.);
#849=EDGE_CURVE('',#1124,#1042,#95,.T.);
#850=EDGE_CURVE('',#1134,#1043,#1302,.T.);
#851=EDGE_CURVE('',#1132,#1045,#1303,.T.);
#852=EDGE_CURVE('',#1131,#1046,#1304,.T.);
#853=EDGE_CURVE('',#1133,#1044,#1305,.T.);
#854=EDGE_CURVE('',#1047,#1130,#96,.T.);
#855=EDGE_CURVE('',#1145,#1055,#1306,.T.);
#856=EDGE_CURVE('',#1145,#1146,#1307,.T.);
#857=EDGE_CURVE('',#1146,#1053,#1308,.T.);
#858=EDGE_CURVE('',#1147,#1054,#1309,.T.);
#859=EDGE_CURVE('',#1147,#1145,#97,.T.);
#860=EDGE_CURVE('',#1148,#1052,#1310,.T.);
#861=EDGE_CURVE('',#1148,#1147,#1311,.T.);
#862=EDGE_CURVE('',#1146,#1148,#98,.T.);
#863=EDGE_CURVE('',#1149,#1036,#1312,.T.);
#864=EDGE_CURVE('',#1149,#1150,#1313,.T.);
#865=EDGE_CURVE('',#1150,#1037,#1314,.T.);
#866=EDGE_CURVE('',#1151,#1039,#1315,.T.);
#867=EDGE_CURVE('',#1151,#1149,#99,.T.);
#868=EDGE_CURVE('',#1152,#1038,#1316,.T.);
#869=EDGE_CURVE('',#1152,#1151,#1317,.T.);
#870=EDGE_CURVE('',#1150,#1152,#100,.T.);
#871=EDGE_CURVE('',#1153,#1033,#1318,.T.);
#872=EDGE_CURVE('',#1153,#1154,#1319,.T.);
#873=EDGE_CURVE('',#1154,#1032,#1320,.T.);
#874=EDGE_CURVE('',#1155,#1035,#1321,.T.);
#875=EDGE_CURVE('',#1155,#1153,#101,.T.);
#876=EDGE_CURVE('',#1156,#1034,#1322,.T.);
#877=EDGE_CURVE('',#1156,#1155,#1323,.T.);
#878=EDGE_CURVE('',#1154,#1156,#102,.T.);
#879=EDGE_CURVE('',#1157,#1031,#1324,.T.);
#880=EDGE_CURVE('',#1157,#1158,#1325,.T.);
#881=EDGE_CURVE('',#1158,#1029,#1326,.T.);
#882=EDGE_CURVE('',#1159,#1030,#1327,.T.);
#883=EDGE_CURVE('',#1159,#1157,#103,.T.);
#884=EDGE_CURVE('',#1160,#1028,#1328,.T.);
#885=EDGE_CURVE('',#1160,#1159,#1329,.T.);
#886=EDGE_CURVE('',#1158,#1160,#104,.T.);
#887=EDGE_CURVE('',#1161,#1161,#105,.T.);
#888=EDGE_CURVE('',#1162,#1162,#106,.T.);
#889=EDGE_CURVE('',#1163,#1056,#1330,.T.);
#890=EDGE_CURVE('',#1163,#1164,#1331,.T.);
#891=EDGE_CURVE('',#1164,#1057,#1332,.T.);
#892=EDGE_CURVE('',#1165,#1059,#1333,.T.);
#893=EDGE_CURVE('',#1165,#1163,#1334,.T.);
#894=EDGE_CURVE('',#1166,#1058,#1335,.T.);
#895=EDGE_CURVE('',#1166,#1165,#1336,.T.);
#896=EDGE_CURVE('',#1164,#1166,#1337,.T.);
#897=EDGE_CURVE('',#1167,#1060,#1338,.T.);
#898=EDGE_CURVE('',#1167,#1168,#1339,.T.);
#899=EDGE_CURVE('',#1168,#1061,#1340,.T.);
#900=EDGE_CURVE('',#1169,#1063,#1341,.T.);
#901=EDGE_CURVE('',#1169,#1167,#1342,.T.);
#902=EDGE_CURVE('',#1170,#1062,#1343,.T.);
#903=EDGE_CURVE('',#1170,#1169,#1344,.T.);
#904=EDGE_CURVE('',#1168,#1170,#1345,.T.);
#905=EDGE_CURVE('',#1171,#1064,#1346,.T.);
#906=EDGE_CURVE('',#1171,#1172,#1347,.T.);
#907=EDGE_CURVE('',#1172,#1065,#1348,.T.);
#908=EDGE_CURVE('',#1173,#1067,#1349,.T.);
#909=EDGE_CURVE('',#1173,#1171,#107,.T.);
#910=EDGE_CURVE('',#1174,#1066,#1350,.T.);
#911=EDGE_CURVE('',#1174,#1173,#1351,.T.);
#912=EDGE_CURVE('',#1172,#1174,#108,.T.);
#913=EDGE_CURVE('',#1175,#1068,#1352,.T.);
#914=EDGE_CURVE('',#1175,#1176,#1353,.T.);
#915=EDGE_CURVE('',#1176,#1069,#1354,.T.);
#916=EDGE_CURVE('',#1177,#1071,#1355,.T.);
#917=EDGE_CURVE('',#1177,#1175,#1356,.T.);
#918=EDGE_CURVE('',#1178,#1070,#1357,.T.);
#919=EDGE_CURVE('',#1178,#1177,#1358,.T.);
#920=EDGE_CURVE('',#1176,#1178,#1359,.T.);
#921=EDGE_CURVE('',#1179,#1073,#1360,.T.);
#922=EDGE_CURVE('',#1179,#1180,#1361,.T.);
#923=EDGE_CURVE('',#1180,#1072,#1362,.T.);
#924=EDGE_CURVE('',#1181,#1075,#1363,.T.);
#925=EDGE_CURVE('',#1181,#1179,#109,.T.);
#926=EDGE_CURVE('',#1182,#1074,#1364,.T.);
#927=EDGE_CURVE('',#1182,#1181,#1365,.T.);
#928=EDGE_CURVE('',#1180,#1182,#110,.T.);
#929=EDGE_CURVE('',#1183,#1183,#111,.T.);
#930=EDGE_CURVE('',#1127,#1184,#1366,.F.);
#931=EDGE_CURVE('',#1184,#1185,#1367,.F.);
#932=EDGE_CURVE('',#1185,#1186,#1368,.T.);
#933=EDGE_CURVE('',#1186,#1143,#1369,.F.);
#934=EDGE_CURVE('',#1187,#1188,#1370,.T.);
#935=EDGE_CURVE('',#1188,#1189,#1371,.T.);
#936=EDGE_CURVE('',#1189,#1190,#1372,.T.);
#937=EDGE_CURVE('',#1190,#1187,#1373,.T.);
#938=EDGE_CURVE('',#1191,#1192,#1374,.T.);
#939=EDGE_CURVE('',#1192,#1193,#1375,.F.);
#940=EDGE_CURVE('',#1126,#1193,#1376,.F.);
#941=EDGE_CURVE('',#1125,#1194,#1377,.T.);
#942=EDGE_CURVE('',#1194,#1191,#1378,.F.);
#943=EDGE_CURVE('',#1193,#1184,#1379,.F.);
#944=EDGE_CURVE('',#1195,#1123,#112,.T.);
#945=EDGE_CURVE('',#1195,#1194,#1380,.T.);
#946=EDGE_CURVE('',#1051,#1196,#1381,.T.);
#947=EDGE_CURVE('',#1197,#1196,#1382,.T.);
#948=EDGE_CURVE('',#1040,#1197,#1383,.T.);
#949=EDGE_CURVE('',#1048,#1041,#113,.T.);
#950=EDGE_CURVE('',#1197,#1198,#1384,.T.);
#951=EDGE_CURVE('',#1049,#1198,#1385,.T.);
#952=EDGE_CURVE('',#1198,#1199,#1386,.T.);
#953=EDGE_CURVE('',#1050,#1199,#1387,.T.);
#954=EDGE_CURVE('',#1196,#1199,#1388,.T.);
#955=EDGE_CURVE('',#1144,#1195,#31,.F.);
#956=EDGE_CURVE('',#1186,#1191,#1389,.F.);
#957=EDGE_CURVE('',#1189,#1192,#1390,.F.);
#958=EDGE_CURVE('',#1190,#1191,#1391,.F.);
#959=EDGE_CURVE('',#1187,#1186,#1392,.T.);
#960=EDGE_CURVE('',#1185,#1188,#1393,.T.);
#961=EDGE_CURVE('',#1200,#1200,#114,.T.);
#962=EDGE_CURVE('',#1201,#1201,#115,.T.);
#963=EDGE_CURVE('',#1202,#1202,#116,.T.);
#964=EDGE_CURVE('',#1203,#1203,#117,.T.);
#965=EDGE_CURVE('',#1204,#1204,#118,.T.);
#966=EDGE_CURVE('',#1205,#1205,#119,.T.);
#967=EDGE_CURVE('',#1206,#1206,#120,.T.);
#968=EDGE_CURVE('',#1207,#1207,#121,.T.);
#969=EDGE_CURVE('',#1208,#1208,#122,.T.);
#970=EDGE_CURVE('',#1209,#1209,#123,.T.);
#971=EDGE_CURVE('',#1210,#1210,#124,.T.);
#972=EDGE_CURVE('',#1211,#1211,#125,.T.);
#973=EDGE_CURVE('',#1017,#1135,#1394,.T.);
#974=EDGE_CURVE('',#1018,#1137,#1395,.T.);
#975=EDGE_CURVE('',#1019,#1136,#1396,.T.);
#976=EDGE_CURVE('',#1020,#1138,#1397,.T.);
#977=EDGE_CURVE('',#1076,#1139,#1398,.T.);
#978=EDGE_CURVE('',#1077,#1141,#1399,.T.);
#979=EDGE_CURVE('',#1078,#1140,#1400,.T.);
#980=EDGE_CURVE('',#1079,#1142,#1401,.T.);
#981=EDGE_CURVE('',#1165,#1107,#1402,.T.);
#982=EDGE_CURVE('',#1104,#1166,#1403,.T.);
#983=EDGE_CURVE('',#1105,#1164,#1404,.F.);
#984=EDGE_CURVE('',#1163,#1106,#1405,.T.);
#985=EDGE_CURVE('',#1169,#1111,#1406,.T.);
#986=EDGE_CURVE('',#1108,#1170,#1407,.T.);
#987=EDGE_CURVE('',#1109,#1168,#1408,.F.);
#988=EDGE_CURVE('',#1167,#1110,#1409,.T.);
#989=EDGE_CURVE('',#1112,#1178,#1410,.F.);
#990=EDGE_CURVE('',#1177,#1115,#1411,.F.);
#991=EDGE_CURVE('',#1175,#1114,#1412,.T.);
#992=EDGE_CURVE('',#1113,#1176,#1413,.F.);
#993=EDGE_CURVE('',#1080,#1159,#1414,.T.);
#994=EDGE_CURVE('',#1157,#1083,#1415,.T.);
#995=EDGE_CURVE('',#1158,#1082,#1416,.T.);
#996=EDGE_CURVE('',#1081,#1160,#1417,.T.);
#997=EDGE_CURVE('',#1179,#1087,#1418,.T.);
#998=EDGE_CURVE('',#1084,#1181,#1419,.T.);
#999=EDGE_CURVE('',#1085,#1182,#1420,.T.);
#1000=EDGE_CURVE('',#1180,#1086,#1421,.T.);
#1001=EDGE_CURVE('',#1088,#1150,#1422,.T.);
#1002=EDGE_CURVE('',#1152,#1091,#1423,.T.);
#1003=EDGE_CURVE('',#1151,#1090,#1424,.T.);
#1004=EDGE_CURVE('',#1089,#1149,#1425,.T.);
#1005=EDGE_CURVE('',#1153,#1095,#1426,.T.);
#1006=EDGE_CURVE('',#1092,#1155,#1427,.T.);
#1007=EDGE_CURVE('',#1093,#1156,#1428,.T.);
#1008=EDGE_CURVE('',#1154,#1094,#1429,.T.);
#1009=EDGE_CURVE('',#1096,#1172,#1430,.T.);
#1010=EDGE_CURVE('',#1174,#1099,#1431,.T.);
#1011=EDGE_CURVE('',#1173,#1098,#1432,.T.);
#1012=EDGE_CURVE('',#1097,#1171,#1433,.T.);
#1013=EDGE_CURVE('',#1148,#1103,#1434,.T.);
#1014=EDGE_CURVE('',#1100,#1146,#1435,.T.);
#1015=EDGE_CURVE('',#1101,#1145,#1436,.T.);
#1016=EDGE_CURVE('',#1147,#1102,#1437,.T.);
#1017=VERTEX_POINT('',#3076);
#1018=VERTEX_POINT('',#3077);
#1019=VERTEX_POINT('',#3079);
#1020=VERTEX_POINT('',#3081);
#1021=VERTEX_POINT('',#3084);
#1022=VERTEX_POINT('',#3086);
#1023=VERTEX_POINT('',#3088);
#1024=VERTEX_POINT('',#3090);
#1025=VERTEX_POINT('',#3092);
#1026=VERTEX_POINT('',#3094);
#1027=VERTEX_POINT('',#3096);
#1028=VERTEX_POINT('',#3098);
#1029=VERTEX_POINT('',#3099);
#1030=VERTEX_POINT('',#3101);
#1031=VERTEX_POINT('',#3103);
#1032=VERTEX_POINT('',#3106);
#1033=VERTEX_POINT('',#3107);
#1034=VERTEX_POINT('',#3109);
#1035=VERTEX_POINT('',#3111);
#1036=VERTEX_POINT('',#3114);
#1037=VERTEX_POINT('',#3115);
#1038=VERTEX_POINT('',#3117);
#1039=VERTEX_POINT('',#3119);
#1040=VERTEX_POINT('',#3122);
#1041=VERTEX_POINT('',#3123);
#1042=VERTEX_POINT('',#3125);
#1043=VERTEX_POINT('',#3127);
#1044=VERTEX_POINT('',#3129);
#1045=VERTEX_POINT('',#3131);
#1046=VERTEX_POINT('',#3133);
#1047=VERTEX_POINT('',#3135);
#1048=VERTEX_POINT('',#3137);
#1049=VERTEX_POINT('',#3139);
#1050=VERTEX_POINT('',#3141);
#1051=VERTEX_POINT('',#3143);
#1052=VERTEX_POINT('',#3146);
#1053=VERTEX_POINT('',#3147);
#1054=VERTEX_POINT('',#3149);
#1055=VERTEX_POINT('',#3151);
#1056=VERTEX_POINT('',#3154);
#1057=VERTEX_POINT('',#3155);
#1058=VERTEX_POINT('',#3157);
#1059=VERTEX_POINT('',#3159);
#1060=VERTEX_POINT('',#3162);
#1061=VERTEX_POINT('',#3163);
#1062=VERTEX_POINT('',#3165);
#1063=VERTEX_POINT('',#3167);
#1064=VERTEX_POINT('',#3170);
#1065=VERTEX_POINT('',#3171);
#1066=VERTEX_POINT('',#3173);
#1067=VERTEX_POINT('',#3175);
#1068=VERTEX_POINT('',#3178);
#1069=VERTEX_POINT('',#3179);
#1070=VERTEX_POINT('',#3181);
#1071=VERTEX_POINT('',#3183);
#1072=VERTEX_POINT('',#3186);
#1073=VERTEX_POINT('',#3187);
#1074=VERTEX_POINT('',#3189);
#1075=VERTEX_POINT('',#3191);
#1076=VERTEX_POINT('',#3194);
#1077=VERTEX_POINT('',#3195);
#1078=VERTEX_POINT('',#3197);
#1079=VERTEX_POINT('',#3199);
#1080=VERTEX_POINT('',#3203);
#1081=VERTEX_POINT('',#3204);
#1082=VERTEX_POINT('',#3206);
#1083=VERTEX_POINT('',#3208);
#1084=VERTEX_POINT('',#3211);
#1085=VERTEX_POINT('',#3212);
#1086=VERTEX_POINT('',#3214);
#1087=VERTEX_POINT('',#3216);
#1088=VERTEX_POINT('',#3219);
#1089=VERTEX_POINT('',#3220);
#1090=VERTEX_POINT('',#3222);
#1091=VERTEX_POINT('',#3224);
#1092=VERTEX_POINT('',#3227);
#1093=VERTEX_POINT('',#3228);
#1094=VERTEX_POINT('',#3230);
#1095=VERTEX_POINT('',#3232);
#1096=VERTEX_POINT('',#3235);
#1097=VERTEX_POINT('',#3236);
#1098=VERTEX_POINT('',#3238);
#1099=VERTEX_POINT('',#3240);
#1100=VERTEX_POINT('',#3243);
#1101=VERTEX_POINT('',#3244);
#1102=VERTEX_POINT('',#3246);
#1103=VERTEX_POINT('',#3248);
#1104=VERTEX_POINT('',#3251);
#1105=VERTEX_POINT('',#3252);
#1106=VERTEX_POINT('',#3254);
#1107=VERTEX_POINT('',#3256);
#1108=VERTEX_POINT('',#3259);
#1109=VERTEX_POINT('',#3260);
#1110=VERTEX_POINT('',#3262);
#1111=VERTEX_POINT('',#3264);
#1112=VERTEX_POINT('',#3267);
#1113=VERTEX_POINT('',#3268);
#1114=VERTEX_POINT('',#3270);
#1115=VERTEX_POINT('',#3272);
#1116=VERTEX_POINT('',#3275);
#1117=VERTEX_POINT('',#3277);
#1118=VERTEX_POINT('',#3279);
#1119=VERTEX_POINT('',#3281);
#1120=VERTEX_POINT('',#3283);
#1121=VERTEX_POINT('',#3285);
#1122=VERTEX_POINT('',#3287);
#1123=VERTEX_POINT('',#3289);
#1124=VERTEX_POINT('',#3290);
#1125=VERTEX_POINT('',#3292);
#1126=VERTEX_POINT('',#3294);
#1127=VERTEX_POINT('',#3296);
#1128=VERTEX_POINT('',#3298);
#1129=VERTEX_POINT('',#3300);
#1130=VERTEX_POINT('',#3302);
#1131=VERTEX_POINT('',#3304);
#1132=VERTEX_POINT('',#3306);
#1133=VERTEX_POINT('',#3308);
#1134=VERTEX_POINT('',#3310);
#1135=VERTEX_POINT('',#3313);
#1136=VERTEX_POINT('',#3314);
#1137=VERTEX_POINT('',#3316);
#1138=VERTEX_POINT('',#3318);
#1139=VERTEX_POINT('',#3321);
#1140=VERTEX_POINT('',#3322);
#1141=VERTEX_POINT('',#3324);
#1142=VERTEX_POINT('',#3326);
#1143=VERTEX_POINT('',#3330);
#1144=VERTEX_POINT('',#3332);
#1145=VERTEX_POINT('',#3347);
#1146=VERTEX_POINT('',#3349);
#1147=VERTEX_POINT('',#3353);
#1148=VERTEX_POINT('',#3357);
#1149=VERTEX_POINT('',#3363);
#1150=VERTEX_POINT('',#3365);
#1151=VERTEX_POINT('',#3369);
#1152=VERTEX_POINT('',#3373);
#1153=VERTEX_POINT('',#3379);
#1154=VERTEX_POINT('',#3381);
#1155=VERTEX_POINT('',#3385);
#1156=VERTEX_POINT('',#3389);
#1157=VERTEX_POINT('',#3395);
#1158=VERTEX_POINT('',#3397);
#1159=VERTEX_POINT('',#3401);
#1160=VERTEX_POINT('',#3405);
#1161=VERTEX_POINT('',#3411);
#1162=VERTEX_POINT('',#3414);
#1163=VERTEX_POINT('',#3417);
#1164=VERTEX_POINT('',#3419);
#1165=VERTEX_POINT('',#3423);
#1166=VERTEX_POINT('',#3427);
#1167=VERTEX_POINT('',#3433);
#1168=VERTEX_POINT('',#3435);
#1169=VERTEX_POINT('',#3439);
#1170=VERTEX_POINT('',#3443);
#1171=VERTEX_POINT('',#3449);
#1172=VERTEX_POINT('',#3451);
#1173=VERTEX_POINT('',#3455);
#1174=VERTEX_POINT('',#3459);
#1175=VERTEX_POINT('',#3465);
#1176=VERTEX_POINT('',#3467);
#1177=VERTEX_POINT('',#3471);
#1178=VERTEX_POINT('',#3475);
#1179=VERTEX_POINT('',#3481);
#1180=VERTEX_POINT('',#3483);
#1181=VERTEX_POINT('',#3487);
#1182=VERTEX_POINT('',#3491);
#1183=VERTEX_POINT('',#3497);
#1184=VERTEX_POINT('',#3500);
#1185=VERTEX_POINT('',#3502);
#1186=VERTEX_POINT('',#3504);
#1187=VERTEX_POINT('',#3508);
#1188=VERTEX_POINT('',#3509);
#1189=VERTEX_POINT('',#3511);
#1190=VERTEX_POINT('',#3513);
#1191=VERTEX_POINT('',#3517);
#1192=VERTEX_POINT('',#3518);
#1193=VERTEX_POINT('',#3520);
#1194=VERTEX_POINT('',#3523);
#1195=VERTEX_POINT('',#3529);
#1196=VERTEX_POINT('',#3533);
#1197=VERTEX_POINT('',#3535);
#1198=VERTEX_POINT('',#3540);
#1199=VERTEX_POINT('',#3544);
#1200=VERTEX_POINT('',#3562);
#1201=VERTEX_POINT('',#3564);
#1202=VERTEX_POINT('',#3567);
#1203=VERTEX_POINT('',#3570);
#1204=VERTEX_POINT('',#3572);
#1205=VERTEX_POINT('',#3575);
#1206=VERTEX_POINT('',#3578);
#1207=VERTEX_POINT('',#3580);
#1208=VERTEX_POINT('',#3583);
#1209=VERTEX_POINT('',#3586);
#1210=VERTEX_POINT('',#3588);
#1211=VERTEX_POINT('',#3591);
#1212=LINE('',#3075,#1438);
#1213=LINE('',#3078,#1439);
#1214=LINE('',#3080,#1440);
#1215=LINE('',#3082,#1441);
#1216=LINE('',#3100,#1442);
#1217=LINE('',#3104,#1443);
#1218=LINE('',#3105,#1444);
#1219=LINE('',#3110,#1445);
#1220=LINE('',#3113,#1446);
#1221=LINE('',#3118,#1447);
#1222=LINE('',#3121,#1448);
#1223=LINE('',#3124,#1449);
#1224=LINE('',#3126,#1450);
#1225=LINE('',#3128,#1451);
#1226=LINE('',#3130,#1452);
#1227=LINE('',#3132,#1453);
#1228=LINE('',#3134,#1454);
#1229=LINE('',#3136,#1455);
#1230=LINE('',#3138,#1456);
#1231=LINE('',#3140,#1457);
#1232=LINE('',#3142,#1458);
#1233=LINE('',#3144,#1459);
#1234=LINE('',#3148,#1460);
#1235=LINE('',#3152,#1461);
#1236=LINE('',#3153,#1462);
#1237=LINE('',#3156,#1463);
#1238=LINE('',#3158,#1464);
#1239=LINE('',#3160,#1465);
#1240=LINE('',#3161,#1466);
#1241=LINE('',#3164,#1467);
#1242=LINE('',#3166,#1468);
#1243=LINE('',#3168,#1469);
#1244=LINE('',#3169,#1470);
#1245=LINE('',#3174,#1471);
#1246=LINE('',#3177,#1472);
#1247=LINE('',#3180,#1473);
#1248=LINE('',#3182,#1474);
#1249=LINE('',#3184,#1475);
#1250=LINE('',#3185,#1476);
#1251=LINE('',#3190,#1477);
#1252=LINE('',#3193,#1478);
#1253=LINE('',#3196,#1479);
#1254=LINE('',#3198,#1480);
#1255=LINE('',#3200,#1481);
#1256=LINE('',#3202,#1482);
#1257=LINE('',#3207,#1483);
#1258=LINE('',#3210,#1484);
#1259=LINE('',#3215,#1485);
#1260=LINE('',#3218,#1486);
#1261=LINE('',#3223,#1487);
#1262=LINE('',#3226,#1488);
#1263=LINE('',#3231,#1489);
#1264=LINE('',#3234,#1490);
#1265=LINE('',#3239,#1491);
#1266=LINE('',#3242,#1492);
#1267=LINE('',#3247,#1493);
#1268=LINE('',#3250,#1494);
#1269=LINE('',#3253,#1495);
#1270=LINE('',#3255,#1496);
#1271=LINE('',#3257,#1497);
#1272=LINE('',#3258,#1498);
#1273=LINE('',#3261,#1499);
#1274=LINE('',#3263,#1500);
#1275=LINE('',#3265,#1501);
#1276=LINE('',#3266,#1502);
#1277=LINE('',#3269,#1503);
#1278=LINE('',#3271,#1504);
#1279=LINE('',#3273,#1505);
#1280=LINE('',#3288,#1506);
#1281=LINE('',#3291,#1507);
#1282=LINE('',#3293,#1508);
#1283=LINE('',#3295,#1509);
#1284=LINE('',#3297,#1510);
#1285=LINE('',#3299,#1511);
#1286=LINE('',#3301,#1512);
#1287=LINE('',#3303,#1513);
#1288=LINE('',#3305,#1514);
#1289=LINE('',#3307,#1515);
#1290=LINE('',#3309,#1516);
#1291=LINE('',#3311,#1517);
#1292=LINE('',#3312,#1518);
#1293=LINE('',#3315,#1519);
#1294=LINE('',#3317,#1520);
#1295=LINE('',#3319,#1521);
#1296=LINE('',#3320,#1522);
#1297=LINE('',#3323,#1523);
#1298=LINE('',#3325,#1524);
#1299=LINE('',#3327,#1525);
#1300=LINE('',#3329,#1526);
#1301=LINE('',#3331,#1527);
#1302=LINE('',#3336,#1528);
#1303=LINE('',#3338,#1529);
#1304=LINE('',#3339,#1530);
#1305=LINE('',#3341,#1531);
#1306=LINE('',#3346,#1532);
#1307=LINE('',#3348,#1533);
#1308=LINE('',#3350,#1534);
#1309=LINE('',#3352,#1535);
#1310=LINE('',#3356,#1536);
#1311=LINE('',#3358,#1537);
#1312=LINE('',#3362,#1538);
#1313=LINE('',#3364,#1539);
#1314=LINE('',#3366,#1540);
#1315=LINE('',#3368,#1541);
#1316=LINE('',#3372,#1542);
#1317=LINE('',#3374,#1543);
#1318=LINE('',#3378,#1544);
#1319=LINE('',#3380,#1545);
#1320=LINE('',#3382,#1546);
#1321=LINE('',#3384,#1547);
#1322=LINE('',#3388,#1548);
#1323=LINE('',#3390,#1549);
#1324=LINE('',#3394,#1550);
#1325=LINE('',#3396,#1551);
#1326=LINE('',#3398,#1552);
#1327=LINE('',#3400,#1553);
#1328=LINE('',#3404,#1554);
#1329=LINE('',#3406,#1555);
#1330=LINE('',#3416,#1556);
#1331=LINE('',#3418,#1557);
#1332=LINE('',#3420,#1558);
#1333=LINE('',#3422,#1559);
#1334=LINE('',#3424,#1560);
#1335=LINE('',#3426,#1561);
#1336=LINE('',#3428,#1562);
#1337=LINE('',#3430,#1563);
#1338=LINE('',#3432,#1564);
#1339=LINE('',#3434,#1565);
#1340=LINE('',#3436,#1566);
#1341=LINE('',#3438,#1567);
#1342=LINE('',#3440,#1568);
#1343=LINE('',#3442,#1569);
#1344=LINE('',#3444,#1570);
#1345=LINE('',#3446,#1571);
#1346=LINE('',#3448,#1572);
#1347=LINE('',#3450,#1573);
#1348=LINE('',#3452,#1574);
#1349=LINE('',#3454,#1575);
#1350=LINE('',#3458,#1576);
#1351=LINE('',#3460,#1577);
#1352=LINE('',#3464,#1578);
#1353=LINE('',#3466,#1579);
#1354=LINE('',#3468,#1580);
#1355=LINE('',#3470,#1581);
#1356=LINE('',#3472,#1582);
#1357=LINE('',#3474,#1583);
#1358=LINE('',#3476,#1584);
#1359=LINE('',#3478,#1585);
#1360=LINE('',#3480,#1586);
#1361=LINE('',#3482,#1587);
#1362=LINE('',#3484,#1588);
#1363=LINE('',#3486,#1589);
#1364=LINE('',#3490,#1590);
#1365=LINE('',#3492,#1591);
#1366=LINE('',#3499,#1592);
#1367=LINE('',#3501,#1593);
#1368=LINE('',#3503,#1594);
#1369=LINE('',#3505,#1595);
#1370=LINE('',#3507,#1596);
#1371=LINE('',#3510,#1597);
#1372=LINE('',#3512,#1598);
#1373=LINE('',#3514,#1599);
#1374=LINE('',#3516,#1600);
#1375=LINE('',#3519,#1601);
#1376=LINE('',#3521,#1602);
#1377=LINE('',#3522,#1603);
#1378=LINE('',#3524,#1604);
#1379=LINE('',#3526,#1605);
#1380=LINE('',#3530,#1606);
#1381=LINE('',#3532,#1607);
#1382=LINE('',#3534,#1608);
#1383=LINE('',#3536,#1609);
#1384=LINE('',#3539,#1610);
#1385=LINE('',#3541,#1611);
#1386=LINE('',#3543,#1612);
#1387=LINE('',#3545,#1613);
#1388=LINE('',#3547,#1614);
#1389=LINE('',#3552,#1615);
#1390=LINE('',#3554,#1616);
#1391=LINE('',#3555,#1617);
#1392=LINE('',#3557,#1618);
#1393=LINE('',#3559,#1619);
#1394=LINE('',#3601,#1620);
#1395=LINE('',#3602,#1621);
#1396=LINE('',#3604,#1622);
#1397=LINE('',#3606,#1623);
#1398=LINE('',#3609,#1624);
#1399=LINE('',#3610,#1625);
#1400=LINE('',#3612,#1626);
#1401=LINE('',#3614,#1627);
#1402=LINE('',#3618,#1628);
#1403=LINE('',#3619,#1629);
#1404=LINE('',#3621,#1630);
#1405=LINE('',#3623,#1631);
#1406=LINE('',#3626,#1632);
#1407=LINE('',#3627,#1633);
#1408=LINE('',#3629,#1634);
#1409=LINE('',#3631,#1635);
#1410=LINE('',#3634,#1636);
#1411=LINE('',#3635,#1637);
#1412=LINE('',#3637,#1638);
#1413=LINE('',#3639,#1639);
#1414=LINE('',#3645,#1640);
#1415=LINE('',#3646,#1641);
#1416=LINE('',#3648,#1642);
#1417=LINE('',#3650,#1643);
#1418=LINE('',#3653,#1644);
#1419=LINE('',#3654,#1645);
#1420=LINE('',#3656,#1646);
#1421=LINE('',#3658,#1647);
#1422=LINE('',#3661,#1648);
#1423=LINE('',#3662,#1649);
#1424=LINE('',#3664,#1650);
#1425=LINE('',#3666,#1651);
#1426=LINE('',#3669,#1652);
#1427=LINE('',#3670,#1653);
#1428=LINE('',#3672,#1654);
#1429=LINE('',#3674,#1655);
#1430=LINE('',#3677,#1656);
#1431=LINE('',#3678,#1657);
#1432=LINE('',#3680,#1658);
#1433=LINE('',#3682,#1659);
#1434=LINE('',#3685,#1660);
#1435=LINE('',#3686,#1661);
#1436=LINE('',#3688,#1662);
#1437=LINE('',#3690,#1663);
#1438=VECTOR('',#2455,1.);
#1439=VECTOR('',#2456,1.);
#1440=VECTOR('',#2457,1.);
#1441=VECTOR('',#2458,1.);
#1442=VECTOR('',#2475,1.);
#1443=VECTOR('',#2478,1.);
#1444=VECTOR('',#2479,1.);
#1445=VECTOR('',#2482,1.);
#1446=VECTOR('',#2485,1.);
#1447=VECTOR('',#2488,1.);
#1448=VECTOR('',#2491,1.);
#1449=VECTOR('',#2492,1.);
#1450=VECTOR('',#2493,1.);
#1451=VECTOR('',#2494,1.);
#1452=VECTOR('',#2495,1.);
#1453=VECTOR('',#2496,1.);
#1454=VECTOR('',#2497,1.);
#1455=VECTOR('',#2498,1.);
#1456=VECTOR('',#2499,1.);
#1457=VECTOR('',#2500,1.);
#1458=VECTOR('',#2501,1.);
#1459=VECTOR('',#2502,1.);
#1460=VECTOR('',#2505,1.);
#1461=VECTOR('',#2508,1.);
#1462=VECTOR('',#2509,1.);
#1463=VECTOR('',#2510,1.);
#1464=VECTOR('',#2511,1.);
#1465=VECTOR('',#2512,1.);
#1466=VECTOR('',#2513,1.);
#1467=VECTOR('',#2514,1.);
#1468=VECTOR('',#2515,1.);
#1469=VECTOR('',#2516,1.);
#1470=VECTOR('',#2517,1.);
#1471=VECTOR('',#2520,1.);
#1472=VECTOR('',#2523,1.);
#1473=VECTOR('',#2524,1.);
#1474=VECTOR('',#2525,1.);
#1475=VECTOR('',#2526,1.);
#1476=VECTOR('',#2527,1.);
#1477=VECTOR('',#2530,1.);
#1478=VECTOR('',#2533,1.);
#1479=VECTOR('',#2534,1.);
#1480=VECTOR('',#2535,1.);
#1481=VECTOR('',#2536,1.);
#1482=VECTOR('',#2539,1.);
#1483=VECTOR('',#2542,1.);
#1484=VECTOR('',#2545,1.);
#1485=VECTOR('',#2548,1.);
#1486=VECTOR('',#2551,1.);
#1487=VECTOR('',#2554,1.);
#1488=VECTOR('',#2557,1.);
#1489=VECTOR('',#2560,1.);
#1490=VECTOR('',#2563,1.);
#1491=VECTOR('',#2566,1.);
#1492=VECTOR('',#2569,1.);
#1493=VECTOR('',#2572,1.);
#1494=VECTOR('',#2575,1.);
#1495=VECTOR('',#2576,1.);
#1496=VECTOR('',#2577,1.);
#1497=VECTOR('',#2578,1.);
#1498=VECTOR('',#2579,1.);
#1499=VECTOR('',#2580,1.);
#1500=VECTOR('',#2581,1.);
#1501=VECTOR('',#2582,1.);
#1502=VECTOR('',#2583,1.);
#1503=VECTOR('',#2584,1.);
#1504=VECTOR('',#2585,1.);
#1505=VECTOR('',#2586,1.);
#1506=VECTOR('',#2601,1.);
#1507=VECTOR('',#2602,1.);
#1508=VECTOR('',#2603,1.);
#1509=VECTOR('',#2604,1.);
#1510=VECTOR('',#2605,1.);
#1511=VECTOR('',#2606,1.);
#1512=VECTOR('',#2607,1.);
#1513=VECTOR('',#2608,1.);
#1514=VECTOR('',#2609,1.);
#1515=VECTOR('',#2610,1.);
#1516=VECTOR('',#2611,1.);
#1517=VECTOR('',#2612,1.);
#1518=VECTOR('',#2613,1.);
#1519=VECTOR('',#2614,1.);
#1520=VECTOR('',#2615,1.);
#1521=VECTOR('',#2616,1.);
#1522=VECTOR('',#2617,1.);
#1523=VECTOR('',#2618,1.);
#1524=VECTOR('',#2619,1.);
#1525=VECTOR('',#2620,1.);
#1526=VECTOR('',#2623,1.);
#1527=VECTOR('',#2624,1.);
#1528=VECTOR('',#2631,1.);
#1529=VECTOR('',#2634,1.);
#1530=VECTOR('',#2635,1.);
#1531=VECTOR('',#2638,1.);
#1532=VECTOR('',#2647,1.);
#1533=VECTOR('',#2648,1.);
#1534=VECTOR('',#2649,1.);
#1535=VECTOR('',#2652,1.);
#1536=VECTOR('',#2657,1.);
#1537=VECTOR('',#2658,1.);
#1538=VECTOR('',#2665,1.);
#1539=VECTOR('',#2666,1.);
#1540=VECTOR('',#2667,1.);
#1541=VECTOR('',#2670,1.);
#1542=VECTOR('',#2675,1.);
#1543=VECTOR('',#2676,1.);
#1544=VECTOR('',#2683,1.);
#1545=VECTOR('',#2684,1.);
#1546=VECTOR('',#2685,1.);
#1547=VECTOR('',#2688,1.);
#1548=VECTOR('',#2693,1.);
#1549=VECTOR('',#2694,1.);
#1550=VECTOR('',#2701,1.);
#1551=VECTOR('',#2702,1.);
#1552=VECTOR('',#2703,1.);
#1553=VECTOR('',#2706,1.);
#1554=VECTOR('',#2711,1.);
#1555=VECTOR('',#2712,1.);
#1556=VECTOR('',#2727,1.);
#1557=VECTOR('',#2728,1.);
#1558=VECTOR('',#2729,1.);
#1559=VECTOR('',#2732,1.);
#1560=VECTOR('',#2733,1.);
#1561=VECTOR('',#2736,1.);
#1562=VECTOR('',#2737,1.);
#1563=VECTOR('',#2740,1.);
#1564=VECTOR('',#2743,1.);
#1565=VECTOR('',#2744,1.);
#1566=VECTOR('',#2745,1.);
#1567=VECTOR('',#2748,1.);
#1568=VECTOR('',#2749,1.);
#1569=VECTOR('',#2752,1.);
#1570=VECTOR('',#2753,1.);
#1571=VECTOR('',#2756,1.);
#1572=VECTOR('',#2759,1.);
#1573=VECTOR('',#2760,1.);
#1574=VECTOR('',#2761,1.);
#1575=VECTOR('',#2764,1.);
#1576=VECTOR('',#2769,1.);
#1577=VECTOR('',#2770,1.);
#1578=VECTOR('',#2777,1.);
#1579=VECTOR('',#2778,1.);
#1580=VECTOR('',#2779,1.);
#1581=VECTOR('',#2782,1.);
#1582=VECTOR('',#2783,1.);
#1583=VECTOR('',#2786,1.);
#1584=VECTOR('',#2787,1.);
#1585=VECTOR('',#2790,1.);
#1586=VECTOR('',#2793,1.);
#1587=VECTOR('',#2794,1.);
#1588=VECTOR('',#2795,1.);
#1589=VECTOR('',#2798,1.);
#1590=VECTOR('',#2803,1.);
#1591=VECTOR('',#2804,1.);
#1592=VECTOR('',#2815,1.);
#1593=VECTOR('',#2816,1.);
#1594=VECTOR('',#2817,1.);
#1595=VECTOR('',#2818,1.);
#1596=VECTOR('',#2821,1.);
#1597=VECTOR('',#2822,1.);
#1598=VECTOR('',#2823,1.);
#1599=VECTOR('',#2824,1.);
#1600=VECTOR('',#2827,1.);
#1601=VECTOR('',#2828,1.);
#1602=VECTOR('',#2829,1.);
#1603=VECTOR('',#2830,1.);
#1604=VECTOR('',#2831,1.);
#1605=VECTOR('',#2834,1.);
#1606=VECTOR('',#2839,1.);
#1607=VECTOR('',#2842,1.);
#1608=VECTOR('',#2843,1.);
#1609=VECTOR('',#2844,1.);
#1610=VECTOR('',#2849,1.);
#1611=VECTOR('',#2850,1.);
#1612=VECTOR('',#2853,1.);
#1613=VECTOR('',#2854,1.);
#1614=VECTOR('',#2857,1.);
#1615=VECTOR('',#2866,1.);
#1616=VECTOR('',#2869,1.);
#1617=VECTOR('',#2870,1.);
#1618=VECTOR('',#2873,1.);
#1619=VECTOR('',#2876,1.);
#1620=VECTOR('',#2935,1.);
#1621=VECTOR('',#2936,1.);
#1622=VECTOR('',#2939,1.);
#1623=VECTOR('',#2942,1.);
#1624=VECTOR('',#2947,1.);
#1625=VECTOR('',#2948,1.);
#1626=VECTOR('',#2951,1.);
#1627=VECTOR('',#2954,1.);
#1628=VECTOR('',#2961,1.);
#1629=VECTOR('',#2962,1.);
#1630=VECTOR('',#2965,1.);
#1631=VECTOR('',#2968,1.);
#1632=VECTOR('',#2973,1.);
#1633=VECTOR('',#2974,1.);
#1634=VECTOR('',#2977,1.);
#1635=VECTOR('',#2980,1.);
#1636=VECTOR('',#2985,1.);
#1637=VECTOR('',#2986,1.);
#1638=VECTOR('',#2989,1.);
#1639=VECTOR('',#2992,1.);
#1640=VECTOR('',#3003,1.);
#1641=VECTOR('',#3004,1.);
#1642=VECTOR('',#3007,1.);
#1643=VECTOR('',#3010,1.);
#1644=VECTOR('',#3015,1.);
#1645=VECTOR('',#3016,1.);
#1646=VECTOR('',#3019,1.);
#1647=VECTOR('',#3022,1.);
#1648=VECTOR('',#3027,1.);
#1649=VECTOR('',#3028,1.);
#1650=VECTOR('',#3031,1.);
#1651=VECTOR('',#3034,1.);
#1652=VECTOR('',#3039,1.);
#1653=VECTOR('',#3040,1.);
#1654=VECTOR('',#3043,1.);
#1655=VECTOR('',#3046,1.);
#1656=VECTOR('',#3051,1.);
#1657=VECTOR('',#3052,1.);
#1658=VECTOR('',#3055,1.);
#1659=VECTOR('',#3058,1.);
#1660=VECTOR('',#3063,1.);
#1661=VECTOR('',#3064,1.);
#1662=VECTOR('',#3067,1.);
#1663=VECTOR('',#3070,1.);
#1664=EDGE_LOOP('',(#126,#127,#128,#129));
#1665=EDGE_LOOP('',(#130));
#1666=EDGE_LOOP('',(#131));
#1667=EDGE_LOOP('',(#132));
#1668=EDGE_LOOP('',(#133));
#1669=EDGE_LOOP('',(#134));
#1670=EDGE_LOOP('',(#135));
#1671=EDGE_LOOP('',(#136));
#1672=EDGE_LOOP('',(#137,#138,#139,#140));
#1673=EDGE_LOOP('',(#141,#142,#143,#144));
#1674=EDGE_LOOP('',(#145,#146,#147,#148));
#1675=EDGE_LOOP('',(#149,#150,#151,#152,#153,#154,#155,#156,#157,#158,#159,
#160));
#1676=EDGE_LOOP('',(#161,#162,#163,#164));
#1677=EDGE_LOOP('',(#165,#166,#167,#168));
#1678=EDGE_LOOP('',(#169,#170,#171,#172));
#1679=EDGE_LOOP('',(#173,#174,#175,#176));
#1680=EDGE_LOOP('',(#177,#178,#179,#180));
#1681=EDGE_LOOP('',(#181,#182,#183,#184));
#1682=EDGE_LOOP('',(#185,#186,#187,#188));
#1683=EDGE_LOOP('',(#189,#190,#191,#192));
#1684=EDGE_LOOP('',(#193,#194,#195,#196));
#1685=EDGE_LOOP('',(#197,#198,#199,#200));
#1686=EDGE_LOOP('',(#201,#202,#203,#204));
#1687=EDGE_LOOP('',(#205,#206,#207,#208));
#1688=EDGE_LOOP('',(#209,#210,#211,#212));
#1689=EDGE_LOOP('',(#213,#214,#215,#216));
#1690=EDGE_LOOP('',(#217,#218,#219,#220));
#1691=EDGE_LOOP('',(#221,#222,#223,#224));
#1692=EDGE_LOOP('',(#225));
#1693=EDGE_LOOP('',(#226));
#1694=EDGE_LOOP('',(#227));
#1695=EDGE_LOOP('',(#228));
#1696=EDGE_LOOP('',(#229));
#1697=EDGE_LOOP('',(#230));
#1698=EDGE_LOOP('',(#231));
#1699=EDGE_LOOP('',(#232,#233,#234,#235,#236,#237,#238,#239,#240,#241,#242,
#243));
#1700=EDGE_LOOP('',(#244,#245,#246,#247));
#1701=EDGE_LOOP('',(#248,#249,#250,#251));
#1702=EDGE_LOOP('',(#252,#253,#254,#255));
#1703=EDGE_LOOP('',(#256,#257,#258,#259));
#1704=EDGE_LOOP('',(#260,#261,#262,#263));
#1705=EDGE_LOOP('',(#264,#265,#266,#267));
#1706=EDGE_LOOP('',(#268,#269,#270,#271));
#1707=EDGE_LOOP('',(#272,#273,#274,#275));
#1708=EDGE_LOOP('',(#276,#277,#278,#279));
#1709=EDGE_LOOP('',(#280,#281,#282,#283));
#1710=EDGE_LOOP('',(#284,#285,#286,#287));
#1711=EDGE_LOOP('',(#288,#289,#290,#291));
#1712=EDGE_LOOP('',(#292,#293,#294,#295));
#1713=EDGE_LOOP('',(#296,#297,#298,#299));
#1714=EDGE_LOOP('',(#300,#301,#302,#303));
#1715=EDGE_LOOP('',(#304,#305,#306,#307));
#1716=EDGE_LOOP('',(#308,#309,#310,#311));
#1717=EDGE_LOOP('',(#312,#313,#314,#315));
#1718=EDGE_LOOP('',(#316,#317,#318,#319));
#1719=EDGE_LOOP('',(#320,#321,#322,#323));
#1720=EDGE_LOOP('',(#324,#325,#326,#327));
#1721=EDGE_LOOP('',(#328,#329,#330,#331));
#1722=EDGE_LOOP('',(#332,#333,#334,#335));
#1723=EDGE_LOOP('',(#336,#337,#338,#339));
#1724=EDGE_LOOP('',(#340));
#1725=EDGE_LOOP('',(#341));
#1726=EDGE_LOOP('',(#342));
#1727=EDGE_LOOP('',(#343));
#1728=EDGE_LOOP('',(#344,#345,#346,#347));
#1729=EDGE_LOOP('',(#348,#349,#350,#351));
#1730=EDGE_LOOP('',(#352,#353,#354,#355));
#1731=EDGE_LOOP('',(#356,#357,#358,#359));
#1732=EDGE_LOOP('',(#360,#361,#362,#363));
#1733=EDGE_LOOP('',(#364,#365,#366,#367));
#1734=EDGE_LOOP('',(#368,#369,#370,#371));
#1735=EDGE_LOOP('',(#372,#373,#374,#375));
#1736=EDGE_LOOP('',(#376,#377,#378,#379));
#1737=EDGE_LOOP('',(#380,#381,#382,#383));
#1738=EDGE_LOOP('',(#384,#385,#386,#387));
#1739=EDGE_LOOP('',(#388,#389,#390,#391));
#1740=EDGE_LOOP('',(#392,#393,#394,#395));
#1741=EDGE_LOOP('',(#396,#397,#398,#399));
#1742=EDGE_LOOP('',(#400,#401,#402,#403));
#1743=EDGE_LOOP('',(#404,#405,#406,#407));
#1744=EDGE_LOOP('',(#408,#409,#410,#411));
#1745=EDGE_LOOP('',(#412,#413,#414,#415));
#1746=EDGE_LOOP('',(#416,#417,#418,#419));
#1747=EDGE_LOOP('',(#420,#421,#422,#423));
#1748=EDGE_LOOP('',(#424));
#1749=EDGE_LOOP('',(#425));
#1750=EDGE_LOOP('',(#426,#427,#428,#429,#430,#431));
#1751=EDGE_LOOP('',(#432,#433,#434,#435));
#1752=EDGE_LOOP('',(#436,#437,#438,#439,#440,#441));
#1753=EDGE_LOOP('',(#442,#443,#444,#445));
#1754=EDGE_LOOP('',(#446,#447,#448,#449));
#1755=EDGE_LOOP('',(#450,#451,#452,#453));
#1756=EDGE_LOOP('',(#454,#455,#456,#457,#458,#459));
#1757=EDGE_LOOP('',(#460,#461,#462,#463));
#1758=EDGE_LOOP('',(#464,#465,#466,#467));
#1759=EDGE_LOOP('',(#468,#469,#470,#471));
#1760=EDGE_LOOP('',(#472,#473,#474,#475,#476,#477,#478,#479,#480,#481));
#1761=EDGE_LOOP('',(#482,#483,#484,#485,#486,#487));
#1762=EDGE_LOOP('',(#488,#489,#490,#491));
#1763=EDGE_LOOP('',(#492,#493,#494,#495));
#1764=EDGE_LOOP('',(#496,#497,#498,#499));
#1765=EDGE_LOOP('',(#500));
#1766=EDGE_LOOP('',(#501));
#1767=EDGE_LOOP('',(#502));
#1768=EDGE_LOOP('',(#503));
#1769=EDGE_LOOP('',(#504));
#1770=EDGE_LOOP('',(#505));
#1771=EDGE_LOOP('',(#506));
#1772=EDGE_LOOP('',(#507));
#1773=EDGE_LOOP('',(#508));
#1774=EDGE_LOOP('',(#509));
#1775=EDGE_LOOP('',(#510));
#1776=EDGE_LOOP('',(#511));
#1777=EDGE_LOOP('',(#512));
#1778=EDGE_LOOP('',(#513));
#1779=EDGE_LOOP('',(#514));
#1780=EDGE_LOOP('',(#515));
#1781=EDGE_LOOP('',(#516));
#1782=EDGE_LOOP('',(#517));
#1783=EDGE_LOOP('',(#518));
#1784=EDGE_LOOP('',(#519));
#1785=EDGE_LOOP('',(#520));
#1786=EDGE_LOOP('',(#521));
#1787=EDGE_LOOP('',(#522));
#1788=EDGE_LOOP('',(#523));
#1789=EDGE_LOOP('',(#524));
#1790=EDGE_LOOP('',(#525));
#1791=EDGE_LOOP('',(#526));
#1792=EDGE_LOOP('',(#527));
#1793=EDGE_LOOP('',(#528));
#1794=EDGE_LOOP('',(#529));
#1795=EDGE_LOOP('',(#530));
#1796=EDGE_LOOP('',(#531));
#1797=EDGE_LOOP('',(#532,#533,#534,#535));
#1798=EDGE_LOOP('',(#536,#537,#538,#539));
#1799=EDGE_LOOP('',(#540,#541,#542,#543));
#1800=EDGE_LOOP('',(#544,#545,#546,#547));
#1801=EDGE_LOOP('',(#548,#549,#550,#551));
#1802=EDGE_LOOP('',(#552,#553,#554,#555));
#1803=EDGE_LOOP('',(#556,#557,#558,#559));
#1804=EDGE_LOOP('',(#560,#561,#562,#563));
#1805=EDGE_LOOP('',(#564,#565,#566,#567,#568,#569));
#1806=EDGE_LOOP('',(#570,#571,#572,#573));
#1807=EDGE_LOOP('',(#574,#575,#576,#577));
#1808=EDGE_LOOP('',(#578,#579,#580,#581));
#1809=EDGE_LOOP('',(#582,#583,#584,#585));
#1810=EDGE_LOOP('',(#586,#587,#588,#589));
#1811=EDGE_LOOP('',(#590,#591,#592,#593));
#1812=EDGE_LOOP('',(#594,#595,#596,#597));
#1813=EDGE_LOOP('',(#598,#599,#600,#601));
#1814=EDGE_LOOP('',(#602,#603,#604,#605));
#1815=EDGE_LOOP('',(#606,#607,#608,#609));
#1816=EDGE_LOOP('',(#610,#611,#612,#613));
#1817=EDGE_LOOP('',(#614,#615,#616,#617));
#1818=EDGE_LOOP('',(#618));
#1819=EDGE_LOOP('',(#619));
#1820=EDGE_LOOP('',(#620));
#1821=EDGE_LOOP('',(#621));
#1822=EDGE_LOOP('',(#622));
#1823=EDGE_LOOP('',(#623));
#1824=EDGE_LOOP('',(#624,#625,#626,#627));
#1825=EDGE_LOOP('',(#628,#629,#630,#631));
#1826=EDGE_LOOP('',(#632,#633,#634,#635));
#1827=EDGE_LOOP('',(#636,#637,#638,#639));
#1828=EDGE_LOOP('',(#640,#641,#642,#643));
#1829=EDGE_LOOP('',(#644,#645,#646,#647));
#1830=EDGE_LOOP('',(#648,#649,#650,#651));
#1831=EDGE_LOOP('',(#652,#653,#654,#655));
#1832=EDGE_LOOP('',(#656,#657,#658,#659));
#1833=EDGE_LOOP('',(#660,#661,#662,#663));
#1834=EDGE_LOOP('',(#664,#665,#666,#667));
#1835=EDGE_LOOP('',(#668,#669,#670,#671));
#1836=EDGE_LOOP('',(#672,#673,#674,#675));
#1837=EDGE_LOOP('',(#676,#677,#678,#679));
#1838=EDGE_LOOP('',(#680,#681,#682,#683));
#1839=EDGE_LOOP('',(#684,#685,#686,#687));
#1840=EDGE_LOOP('',(#688,#689,#690,#691));
#1841=EDGE_LOOP('',(#692,#693,#694,#695));
#1842=EDGE_LOOP('',(#696,#697,#698,#699));
#1843=EDGE_LOOP('',(#700,#701,#702,#703));
#1844=EDGE_LOOP('',(#704,#705,#706,#707));
#1845=EDGE_LOOP('',(#708,#709,#710,#711));
#1846=EDGE_LOOP('',(#712,#713,#714,#715));
#1847=EDGE_LOOP('',(#716,#717,#718,#719));
#1848=FACE_BOUND('',#1664,.T.);
#1849=FACE_BOUND('',#1665,.T.);
#1850=FACE_BOUND('',#1666,.T.);
#1851=FACE_BOUND('',#1667,.T.);
#1852=FACE_BOUND('',#1668,.T.);
#1853=FACE_BOUND('',#1669,.T.);
#1854=FACE_BOUND('',#1670,.T.);
#1855=FACE_BOUND('',#1671,.T.);
#1856=FACE_BOUND('',#1672,.T.);
#1857=FACE_BOUND('',#1673,.T.);
#1858=FACE_BOUND('',#1674,.T.);
#1859=FACE_BOUND('',#1675,.T.);
#1860=FACE_BOUND('',#1676,.T.);
#1861=FACE_BOUND('',#1677,.T.);
#1862=FACE_BOUND('',#1678,.T.);
#1863=FACE_BOUND('',#1679,.T.);
#1864=FACE_BOUND('',#1680,.T.);
#1865=FACE_BOUND('',#1681,.T.);
#1866=FACE_BOUND('',#1682,.T.);
#1867=FACE_BOUND('',#1683,.T.);
#1868=FACE_BOUND('',#1684,.T.);
#1869=FACE_BOUND('',#1685,.T.);
#1870=FACE_BOUND('',#1686,.T.);
#1871=FACE_BOUND('',#1687,.T.);
#1872=FACE_BOUND('',#1688,.T.);
#1873=FACE_BOUND('',#1689,.T.);
#1874=FACE_BOUND('',#1690,.T.);
#1875=FACE_BOUND('',#1691,.T.);
#1876=FACE_BOUND('',#1692,.T.);
#1877=FACE_BOUND('',#1693,.T.);
#1878=FACE_BOUND('',#1694,.T.);
#1879=FACE_BOUND('',#1695,.T.);
#1880=FACE_BOUND('',#1696,.T.);
#1881=FACE_BOUND('',#1697,.T.);
#1882=FACE_BOUND('',#1698,.T.);
#1883=FACE_BOUND('',#1699,.T.);
#1884=FACE_BOUND('',#1700,.T.);
#1885=FACE_BOUND('',#1701,.T.);
#1886=FACE_BOUND('',#1702,.T.);
#1887=FACE_BOUND('',#1703,.T.);
#1888=FACE_BOUND('',#1704,.T.);
#1889=FACE_BOUND('',#1705,.T.);
#1890=FACE_BOUND('',#1706,.T.);
#1891=FACE_BOUND('',#1707,.T.);
#1892=FACE_BOUND('',#1708,.T.);
#1893=FACE_BOUND('',#1709,.T.);
#1894=FACE_BOUND('',#1710,.T.);
#1895=FACE_BOUND('',#1711,.T.);
#1896=FACE_BOUND('',#1712,.T.);
#1897=FACE_BOUND('',#1713,.T.);
#1898=FACE_BOUND('',#1714,.T.);
#1899=FACE_BOUND('',#1715,.T.);
#1900=FACE_BOUND('',#1716,.T.);
#1901=FACE_BOUND('',#1717,.T.);
#1902=FACE_BOUND('',#1718,.T.);
#1903=FACE_BOUND('',#1719,.T.);
#1904=FACE_BOUND('',#1720,.T.);
#1905=FACE_BOUND('',#1721,.T.);
#1906=FACE_BOUND('',#1722,.T.);
#1907=FACE_BOUND('',#1723,.T.);
#1908=FACE_BOUND('',#1724,.T.);
#1909=FACE_BOUND('',#1725,.T.);
#1910=FACE_BOUND('',#1726,.T.);
#1911=FACE_BOUND('',#1727,.T.);
#1912=FACE_BOUND('',#1728,.T.);
#1913=FACE_BOUND('',#1729,.T.);
#1914=FACE_BOUND('',#1730,.T.);
#1915=FACE_BOUND('',#1731,.T.);
#1916=FACE_BOUND('',#1732,.T.);
#1917=FACE_BOUND('',#1733,.T.);
#1918=FACE_BOUND('',#1734,.T.);
#1919=FACE_BOUND('',#1735,.T.);
#1920=FACE_BOUND('',#1736,.T.);
#1921=FACE_BOUND('',#1737,.T.);
#1922=FACE_BOUND('',#1738,.T.);
#1923=FACE_BOUND('',#1739,.T.);
#1924=FACE_BOUND('',#1740,.T.);
#1925=FACE_BOUND('',#1741,.T.);
#1926=FACE_BOUND('',#1742,.T.);
#1927=FACE_BOUND('',#1743,.T.);
#1928=FACE_BOUND('',#1744,.T.);
#1929=FACE_BOUND('',#1745,.T.);
#1930=FACE_BOUND('',#1746,.T.);
#1931=FACE_BOUND('',#1747,.T.);
#1932=FACE_BOUND('',#1748,.T.);
#1933=FACE_BOUND('',#1749,.T.);
#1934=FACE_BOUND('',#1750,.T.);
#1935=FACE_BOUND('',#1751,.T.);
#1936=FACE_BOUND('',#1752,.T.);
#1937=FACE_BOUND('',#1753,.T.);
#1938=FACE_BOUND('',#1754,.T.);
#1939=FACE_BOUND('',#1755,.T.);
#1940=FACE_BOUND('',#1756,.T.);
#1941=FACE_BOUND('',#1757,.T.);
#1942=FACE_BOUND('',#1758,.T.);
#1943=FACE_BOUND('',#1759,.T.);
#1944=FACE_BOUND('',#1760,.T.);
#1945=FACE_BOUND('',#1761,.T.);
#1946=FACE_BOUND('',#1762,.T.);
#1947=FACE_BOUND('',#1763,.T.);
#1948=FACE_BOUND('',#1764,.T.);
#1949=FACE_BOUND('',#1765,.T.);
#1950=FACE_BOUND('',#1766,.T.);
#1951=FACE_BOUND('',#1767,.T.);
#1952=FACE_BOUND('',#1768,.T.);
#1953=FACE_BOUND('',#1769,.T.);
#1954=FACE_BOUND('',#1770,.T.);
#1955=FACE_BOUND('',#1771,.T.);
#1956=FACE_BOUND('',#1772,.T.);
#1957=FACE_BOUND('',#1773,.T.);
#1958=FACE_BOUND('',#1774,.T.);
#1959=FACE_BOUND('',#1775,.T.);
#1960=FACE_BOUND('',#1776,.T.);
#1961=FACE_BOUND('',#1777,.T.);
#1962=FACE_BOUND('',#1778,.T.);
#1963=FACE_BOUND('',#1779,.T.);
#1964=FACE_BOUND('',#1780,.T.);
#1965=FACE_BOUND('',#1781,.T.);
#1966=FACE_BOUND('',#1782,.T.);
#1967=FACE_BOUND('',#1783,.T.);
#1968=FACE_BOUND('',#1784,.T.);
#1969=FACE_BOUND('',#1785,.T.);
#1970=FACE_BOUND('',#1786,.T.);
#1971=FACE_BOUND('',#1787,.T.);
#1972=FACE_BOUND('',#1788,.T.);
#1973=FACE_BOUND('',#1789,.T.);
#1974=FACE_BOUND('',#1790,.T.);
#1975=FACE_BOUND('',#1791,.T.);
#1976=FACE_BOUND('',#1792,.T.);
#1977=FACE_BOUND('',#1793,.T.);
#1978=FACE_BOUND('',#1794,.T.);
#1979=FACE_BOUND('',#1795,.T.);
#1980=FACE_BOUND('',#1796,.T.);
#1981=FACE_BOUND('',#1797,.T.);
#1982=FACE_BOUND('',#1798,.T.);
#1983=FACE_BOUND('',#1799,.T.);
#1984=FACE_BOUND('',#1800,.T.);
#1985=FACE_BOUND('',#1801,.T.);
#1986=FACE_BOUND('',#1802,.T.);
#1987=FACE_BOUND('',#1803,.T.);
#1988=FACE_BOUND('',#1804,.T.);
#1989=FACE_BOUND('',#1805,.T.);
#1990=FACE_BOUND('',#1806,.T.);
#1991=FACE_BOUND('',#1807,.T.);
#1992=FACE_BOUND('',#1808,.T.);
#1993=FACE_BOUND('',#1809,.T.);
#1994=FACE_BOUND('',#1810,.T.);
#1995=FACE_BOUND('',#1811,.T.);
#1996=FACE_BOUND('',#1812,.T.);
#1997=FACE_BOUND('',#1813,.T.);
#1998=FACE_BOUND('',#1814,.T.);
#1999=FACE_BOUND('',#1815,.T.);
#2000=FACE_BOUND('',#1816,.T.);
#2001=FACE_BOUND('',#1817,.T.);
#2002=FACE_BOUND('',#1818,.T.);
#2003=FACE_BOUND('',#1819,.T.);
#2004=FACE_BOUND('',#1820,.T.);
#2005=FACE_BOUND('',#1821,.T.);
#2006=FACE_BOUND('',#1822,.T.);
#2007=FACE_BOUND('',#1823,.T.);
#2008=FACE_BOUND('',#1824,.T.);
#2009=FACE_BOUND('',#1825,.T.);
#2010=FACE_BOUND('',#1826,.T.);
#2011=FACE_BOUND('',#1827,.T.);
#2012=FACE_BOUND('',#1828,.T.);
#2013=FACE_BOUND('',#1829,.T.);
#2014=FACE_BOUND('',#1830,.T.);
#2015=FACE_BOUND('',#1831,.T.);
#2016=FACE_BOUND('',#1832,.T.);
#2017=FACE_BOUND('',#1833,.T.);
#2018=FACE_BOUND('',#1834,.T.);
#2019=FACE_BOUND('',#1835,.T.);
#2020=FACE_BOUND('',#1836,.T.);
#2021=FACE_BOUND('',#1837,.T.);
#2022=FACE_BOUND('',#1838,.T.);
#2023=FACE_BOUND('',#1839,.T.);
#2024=FACE_BOUND('',#1840,.T.);
#2025=FACE_BOUND('',#1841,.T.);
#2026=FACE_BOUND('',#1842,.T.);
#2027=FACE_BOUND('',#1843,.T.);
#2028=FACE_BOUND('',#1844,.T.);
#2029=FACE_BOUND('',#1845,.T.);
#2030=FACE_BOUND('',#1846,.T.);
#2031=FACE_BOUND('',#1847,.T.);
#2032=PLANE('',#2254);
#2033=PLANE('',#2274);
#2034=PLANE('',#2294);
#2035=PLANE('',#2296);
#2036=PLANE('',#2298);
#2037=PLANE('',#2299);
#2038=PLANE('',#2300);
#2039=PLANE('',#2301);
#2040=PLANE('',#2303);
#2041=PLANE('',#2306);
#2042=PLANE('',#2309);
#2043=PLANE('',#2312);
#2044=PLANE('',#2315);
#2045=PLANE('',#2318);
#2046=PLANE('',#2321);
#2047=PLANE('',#2324);
#2048=PLANE('',#2331);
#2049=PLANE('',#2332);
#2050=PLANE('',#2333);
#2051=PLANE('',#2334);
#2052=PLANE('',#2335);
#2053=PLANE('',#2336);
#2054=PLANE('',#2337);
#2055=PLANE('',#2338);
#2056=PLANE('',#2339);
#2057=PLANE('',#2342);
#2058=PLANE('',#2345);
#2059=PLANE('',#2346);
#2060=PLANE('',#2347);
#2061=PLANE('',#2348);
#2062=PLANE('',#2349);
#2063=PLANE('',#2352);
#2064=PLANE('',#2357);
#2065=PLANE('',#2358);
#2066=PLANE('',#2359);
#2067=PLANE('',#2360);
#2068=PLANE('',#2361);
#2069=PLANE('',#2363);
#2070=PLANE('',#2364);
#2071=PLANE('',#2366);
#2072=PLANE('',#2367);
#2073=PLANE('',#2368);
#2074=PLANE('',#2371);
#2075=PLANE('',#2372);
#2076=PLANE('',#2373);
#2077=PLANE('',#2374);
#2078=PLANE('',#2378);
#2079=PLANE('',#2383);
#2080=PLANE('',#2388);
#2081=PLANE('',#2393);
#2082=PLANE('',#2403);
#2083=PLANE('',#2404);
#2084=PLANE('',#2405);
#2085=PLANE('',#2406);
#2086=PLANE('',#2407);
#2087=PLANE('',#2408);
#2088=PLANE('',#2409);
#2089=PLANE('',#2410);
#2090=PLANE('',#2411);
#2091=PLANE('',#2412);
#2092=PLANE('',#2413);
#2093=PLANE('',#2414);
#2094=PLANE('',#2415);
#2095=PLANE('',#2416);
#2096=PLANE('',#2417);
#2097=PLANE('',#2418);
#2098=PLANE('',#2419);
#2099=PLANE('',#2420);
#2100=PLANE('',#2421);
#2101=PLANE('',#2422);
#2102=PLANE('',#2423);
#2103=PLANE('',#2428);
#2104=PLANE('',#2429);
#2105=PLANE('',#2432);
#2106=PLANE('',#2433);
#2107=PLANE('',#2436);
#2108=PLANE('',#2437);
#2109=PLANE('',#2440);
#2110=PLANE('',#2441);
#2111=PLANE('',#2444);
#2112=PLANE('',#2445);
#2113=PLANE('',#2448);
#2114=PLANE('',#2449);
#2115=ADVANCED_FACE('',(#1848,#1849,#1850,#1851,#1852,#1853,#1854,#1855,
#1856,#1857,#1858,#1859,#1860,#1861,#1862,#1863,#1864,#1865,#1866),#2032,
 .F.);
#2116=ADVANCED_FACE('',(#1867,#1868,#1869,#1870,#1871,#1872,#1873,#1874,
#1875,#1876,#1877,#1878,#1879,#1880,#1881,#1882,#1883,#1884,#1885),#2033,
 .T.);
#2117=ADVANCED_FACE('',(#1886),#2034,.T.);
#2118=ADVANCED_FACE('',(#1887),#2035,.T.);
#2119=ADVANCED_FACE('',(#1888),#2036,.T.);
#2120=ADVANCED_FACE('',(#1889),#2037,.F.);
#2121=ADVANCED_FACE('',(#1890),#2038,.F.);
#2122=ADVANCED_FACE('',(#1891),#2039,.T.);
#2123=ADVANCED_FACE('',(#1892),#2040,.F.);
#2124=ADVANCED_FACE('',(#1893),#32,.F.);
#2125=ADVANCED_FACE('',(#1894),#2041,.T.);
#2126=ADVANCED_FACE('',(#1895),#33,.F.);
#2127=ADVANCED_FACE('',(#1896),#2042,.F.);
#2128=ADVANCED_FACE('',(#1897),#34,.F.);
#2129=ADVANCED_FACE('',(#1898),#2043,.T.);
#2130=ADVANCED_FACE('',(#1899),#35,.F.);
#2131=ADVANCED_FACE('',(#1900),#2044,.T.);
#2132=ADVANCED_FACE('',(#1901),#36,.F.);
#2133=ADVANCED_FACE('',(#1902),#2045,.F.);
#2134=ADVANCED_FACE('',(#1903),#37,.F.);
#2135=ADVANCED_FACE('',(#1904),#2046,.T.);
#2136=ADVANCED_FACE('',(#1905),#38,.F.);
#2137=ADVANCED_FACE('',(#1906),#2047,.F.);
#2138=ADVANCED_FACE('',(#1907),#39,.F.);
#2139=ADVANCED_FACE('',(#1908,#1909),#40,.F.);
#2140=ADVANCED_FACE('',(#1910,#1911),#41,.F.);
#2141=ADVANCED_FACE('',(#1912),#2048,.F.);
#2142=ADVANCED_FACE('',(#1913),#2049,.T.);
#2143=ADVANCED_FACE('',(#1914),#2050,.T.);
#2144=ADVANCED_FACE('',(#1915),#2051,.F.);
#2145=ADVANCED_FACE('',(#1916),#2052,.F.);
#2146=ADVANCED_FACE('',(#1917),#2053,.T.);
#2147=ADVANCED_FACE('',(#1918),#2054,.T.);
#2148=ADVANCED_FACE('',(#1919),#2055,.F.);
#2149=ADVANCED_FACE('',(#1920),#2056,.F.);
#2150=ADVANCED_FACE('',(#1921),#42,.F.);
#2151=ADVANCED_FACE('',(#1922),#2057,.T.);
#2152=ADVANCED_FACE('',(#1923),#43,.F.);
#2153=ADVANCED_FACE('',(#1924),#2058,.F.);
#2154=ADVANCED_FACE('',(#1925),#2059,.T.);
#2155=ADVANCED_FACE('',(#1926),#2060,.T.);
#2156=ADVANCED_FACE('',(#1927),#2061,.F.);
#2157=ADVANCED_FACE('',(#1928),#2062,.T.);
#2158=ADVANCED_FACE('',(#1929),#44,.F.);
#2159=ADVANCED_FACE('',(#1930),#2063,.F.);
#2160=ADVANCED_FACE('',(#1931),#45,.F.);
#2161=ADVANCED_FACE('',(#1932,#1933),#46,.F.);
#2162=ADVANCED_FACE('',(#1934),#2064,.T.);
#2163=ADVANCED_FACE('',(#1935),#2065,.T.);
#2164=ADVANCED_FACE('',(#1936),#2066,.F.);
#2165=ADVANCED_FACE('',(#1937),#2067,.T.);
#2166=ADVANCED_FACE('',(#1938),#2068,.T.);
#2167=ADVANCED_FACE('',(#1939),#2069,.T.);
#2168=ADVANCED_FACE('',(#1940),#2070,.F.);
#2169=ADVANCED_FACE('',(#1941),#2071,.F.);
#2170=ADVANCED_FACE('',(#1942),#2072,.T.);
#2171=ADVANCED_FACE('',(#1943),#2073,.F.);
#2172=ADVANCED_FACE('',(#1944),#47,.F.);
#2173=ADVANCED_FACE('',(#1945),#2074,.F.);
#2174=ADVANCED_FACE('',(#1946),#2075,.T.);
#2175=ADVANCED_FACE('',(#1947),#2076,.T.);
#2176=ADVANCED_FACE('',(#1948),#2077,.F.);
#2177=ADVANCED_FACE('',(#1949,#1950),#48,.F.);
#2178=ADVANCED_FACE('',(#1951,#1952),#2078,.T.);
#2179=ADVANCED_FACE('',(#1953,#1954),#49,.F.);
#2180=ADVANCED_FACE('',(#1955,#1956),#2079,.T.);
#2181=ADVANCED_FACE('',(#1957,#1958),#50,.F.);
#2182=ADVANCED_FACE('',(#1959,#1960),#2080,.T.);
#2183=ADVANCED_FACE('',(#1961,#1962),#51,.F.);
#2184=ADVANCED_FACE('',(#1963,#1964),#2081,.T.);
#2185=ADVANCED_FACE('',(#1965,#1966),#12,.F.);
#2186=ADVANCED_FACE('',(#1967,#1968),#13,.F.);
#2187=ADVANCED_FACE('',(#1969,#1970),#14,.F.);
#2188=ADVANCED_FACE('',(#1971,#1972),#15,.F.);
#2189=ADVANCED_FACE('',(#1973,#1974),#52,.F.);
#2190=ADVANCED_FACE('',(#1975,#1976),#53,.F.);
#2191=ADVANCED_FACE('',(#1977,#1978),#54,.F.);
#2192=ADVANCED_FACE('',(#1979,#1980),#55,.F.);
#2193=ADVANCED_FACE('',(#1981),#2082,.T.);
#2194=ADVANCED_FACE('',(#1982),#2083,.F.);
#2195=ADVANCED_FACE('',(#1983),#2084,.F.);
#2196=ADVANCED_FACE('',(#1984),#2085,.T.);
#2197=ADVANCED_FACE('',(#1985),#2086,.T.);
#2198=ADVANCED_FACE('',(#1986),#2087,.F.);
#2199=ADVANCED_FACE('',(#1987),#2088,.F.);
#2200=ADVANCED_FACE('',(#1988),#2089,.T.);
#2201=ADVANCED_FACE('',(#1989),#2090,.F.);
#2202=ADVANCED_FACE('',(#1990),#2091,.F.);
#2203=ADVANCED_FACE('',(#1991),#2092,.T.);
#2204=ADVANCED_FACE('',(#1992),#2093,.F.);
#2205=ADVANCED_FACE('',(#1993),#2094,.T.);
#2206=ADVANCED_FACE('',(#1994),#2095,.F.);
#2207=ADVANCED_FACE('',(#1995),#2096,.T.);
#2208=ADVANCED_FACE('',(#1996),#2097,.F.);
#2209=ADVANCED_FACE('',(#1997),#2098,.T.);
#2210=ADVANCED_FACE('',(#1998),#2099,.F.);
#2211=ADVANCED_FACE('',(#1999),#2100,.F.);
#2212=ADVANCED_FACE('',(#2000),#2101,.T.);
#2213=ADVANCED_FACE('',(#2001),#2102,.T.);
#2214=ADVANCED_FACE('',(#2002,#2003),#16,.F.);
#2215=ADVANCED_FACE('',(#2004,#2005),#17,.F.);
#2216=ADVANCED_FACE('',(#2006,#2007),#18,.F.);
#2217=ADVANCED_FACE('',(#2008),#19,.F.);
#2218=ADVANCED_FACE('',(#2009),#2103,.F.);
#2219=ADVANCED_FACE('',(#2010),#2104,.T.);
#2220=ADVANCED_FACE('',(#2011),#20,.F.);
#2221=ADVANCED_FACE('',(#2012),#21,.F.);
#2222=ADVANCED_FACE('',(#2013),#2105,.T.);
#2223=ADVANCED_FACE('',(#2014),#2106,.F.);
#2224=ADVANCED_FACE('',(#2015),#22,.F.);
#2225=ADVANCED_FACE('',(#2016),#23,.F.);
#2226=ADVANCED_FACE('',(#2017),#2107,.F.);
#2227=ADVANCED_FACE('',(#2018),#2108,.T.);
#2228=ADVANCED_FACE('',(#2019),#24,.F.);
#2229=ADVANCED_FACE('',(#2020),#25,.F.);
#2230=ADVANCED_FACE('',(#2021),#2109,.T.);
#2231=ADVANCED_FACE('',(#2022),#2110,.F.);
#2232=ADVANCED_FACE('',(#2023),#26,.F.);
#2233=ADVANCED_FACE('',(#2024),#27,.F.);
#2234=ADVANCED_FACE('',(#2025),#2111,.F.);
#2235=ADVANCED_FACE('',(#2026),#2112,.T.);
#2236=ADVANCED_FACE('',(#2027),#28,.F.);
#2237=ADVANCED_FACE('',(#2028),#29,.F.);
#2238=ADVANCED_FACE('',(#2029),#2113,.T.);
#2239=ADVANCED_FACE('',(#2030),#2114,.F.);
#2240=ADVANCED_FACE('',(#2031),#30,.F.);
#2241=CLOSED_SHELL('',(#2115,#2116,#2117,#2118,#2119,#2120,#2121,#2122,
#2123,#2124,#2125,#2126,#2127,#2128,#2129,#2130,#2131,#2132,#2133,#2134,
#2135,#2136,#2137,#2138,#2139,#2140,#2141,#2142,#2143,#2144,#2145,#2146,
#2147,#2148,#2149,#2150,#2151,#2152,#2153,#2154,#2155,#2156,#2157,#2158,
#2159,#2160,#2161,#2162,#2163,#2164,#2165,#2166,#2167,#2168,#2169,#2170,
#2171,#2172,#2173,#2174,#2175,#2176,#2177,#2178,#2179,#2180,#2181,#2182,
#2183,#2184,#2185,#2186,#2187,#2188,#2189,#2190,#2191,#2192,#2193,#2194,
#2195,#2196,#2197,#2198,#2199,#2200,#2201,#2202,#2203,#2204,#2205,#2206,
#2207,#2208,#2209,#2210,#2211,#2212,#2213,#2214,#2215,#2216,#2217,#2218,
#2219,#2220,#2221,#2222,#2223,#2224,#2225,#2226,#2227,#2228,#2229,#2230,
#2231,#2232,#2233,#2234,#2235,#2236,#2237,#2238,#2239,#2240));
#2242=STYLED_ITEM('',(#2243),#2250);
#2243=PRESENTATION_STYLE_ASSIGNMENT((#2244));
#2244=SURFACE_STYLE_USAGE(.BOTH.,#2245);
#2245=SURFACE_SIDE_STYLE('',(#2246));
#2246=SURFACE_STYLE_FILL_AREA(#2247);
#2247=FILL_AREA_STYLE('',(#2248));
#2248=FILL_AREA_STYLE_COLOUR('',#2249);
#2249=COLOUR_RGB('',0.615686274509804,0.811764705882353,0.929411764705882);
#2250=MANIFOLD_SOLID_BREP('Part 1',#2241);
#2251=SHAPE_DEFINITION_REPRESENTATION(#3698,#2252);
#2252=SHAPE_REPRESENTATION('Part 1',(#2253),#3693);
#2253=AXIS2_PLACEMENT_3D('',#3073,#2451,#2452);
#2254=AXIS2_PLACEMENT_3D('',#3074,#2453,#2454);
#2255=AXIS2_PLACEMENT_3D('',#3083,#2459,#2460);
#2256=AXIS2_PLACEMENT_3D('',#3085,#2461,#2462);
#2257=AXIS2_PLACEMENT_3D('',#3087,#2463,#2464);
#2258=AXIS2_PLACEMENT_3D('',#3089,#2465,#2466);
#2259=AXIS2_PLACEMENT_3D('',#3091,#2467,#2468);
#2260=AXIS2_PLACEMENT_3D('',#3093,#2469,#2470);
#2261=AXIS2_PLACEMENT_3D('',#3095,#2471,#2472);
#2262=AXIS2_PLACEMENT_3D('',#3097,#2473,#2474);
#2263=AXIS2_PLACEMENT_3D('',#3102,#2476,#2477);
#2264=AXIS2_PLACEMENT_3D('',#3108,#2480,#2481);
#2265=AXIS2_PLACEMENT_3D('',#3112,#2483,#2484);
#2266=AXIS2_PLACEMENT_3D('',#3116,#2486,#2487);
#2267=AXIS2_PLACEMENT_3D('',#3120,#2489,#2490);
#2268=AXIS2_PLACEMENT_3D('',#3145,#2503,#2504);
#2269=AXIS2_PLACEMENT_3D('',#3150,#2506,#2507);
#2270=AXIS2_PLACEMENT_3D('',#3172,#2518,#2519);
#2271=AXIS2_PLACEMENT_3D('',#3176,#2521,#2522);
#2272=AXIS2_PLACEMENT_3D('',#3188,#2528,#2529);
#2273=AXIS2_PLACEMENT_3D('',#3192,#2531,#2532);
#2274=AXIS2_PLACEMENT_3D('',#3201,#2537,#2538);
#2275=AXIS2_PLACEMENT_3D('',#3205,#2540,#2541);
#2276=AXIS2_PLACEMENT_3D('',#3209,#2543,#2544);
#2277=AXIS2_PLACEMENT_3D('',#3213,#2546,#2547);
#2278=AXIS2_PLACEMENT_3D('',#3217,#2549,#2550);
#2279=AXIS2_PLACEMENT_3D('',#3221,#2552,#2553);
#2280=AXIS2_PLACEMENT_3D('',#3225,#2555,#2556);
#2281=AXIS2_PLACEMENT_3D('',#3229,#2558,#2559);
#2282=AXIS2_PLACEMENT_3D('',#3233,#2561,#2562);
#2283=AXIS2_PLACEMENT_3D('',#3237,#2564,#2565);
#2284=AXIS2_PLACEMENT_3D('',#3241,#2567,#2568);
#2285=AXIS2_PLACEMENT_3D('',#3245,#2570,#2571);
#2286=AXIS2_PLACEMENT_3D('',#3249,#2573,#2574);
#2287=AXIS2_PLACEMENT_3D('',#3274,#2587,#2588);
#2288=AXIS2_PLACEMENT_3D('',#3276,#2589,#2590);
#2289=AXIS2_PLACEMENT_3D('',#3278,#2591,#2592);
#2290=AXIS2_PLACEMENT_3D('',#3280,#2593,#2594);
#2291=AXIS2_PLACEMENT_3D('',#3282,#2595,#2596);
#2292=AXIS2_PLACEMENT_3D('',#3284,#2597,#2598);
#2293=AXIS2_PLACEMENT_3D('',#3286,#2599,#2600);
#2294=AXIS2_PLACEMENT_3D('',#3328,#2621,#2622);
#2295=AXIS2_PLACEMENT_3D('',#3333,#2625,#2626);
#2296=AXIS2_PLACEMENT_3D('',#3334,#2627,#2628);
#2297=AXIS2_PLACEMENT_3D('',#3335,#2629,#2630);
#2298=AXIS2_PLACEMENT_3D('',#3337,#2632,#2633);
#2299=AXIS2_PLACEMENT_3D('',#3340,#2636,#2637);
#2300=AXIS2_PLACEMENT_3D('',#3342,#2639,#2640);
#2301=AXIS2_PLACEMENT_3D('',#3343,#2641,#2642);
#2302=AXIS2_PLACEMENT_3D('',#3344,#2643,#2644);
#2303=AXIS2_PLACEMENT_3D('',#3345,#2645,#2646);
#2304=AXIS2_PLACEMENT_3D('',#3351,#2650,#2651);
#2305=AXIS2_PLACEMENT_3D('',#3354,#2653,#2654);
#2306=AXIS2_PLACEMENT_3D('',#3355,#2655,#2656);
#2307=AXIS2_PLACEMENT_3D('',#3359,#2659,#2660);
#2308=AXIS2_PLACEMENT_3D('',#3360,#2661,#2662);
#2309=AXIS2_PLACEMENT_3D('',#3361,#2663,#2664);
#2310=AXIS2_PLACEMENT_3D('',#3367,#2668,#2669);
#2311=AXIS2_PLACEMENT_3D('',#3370,#2671,#2672);
#2312=AXIS2_PLACEMENT_3D('',#3371,#2673,#2674);
#2313=AXIS2_PLACEMENT_3D('',#3375,#2677,#2678);
#2314=AXIS2_PLACEMENT_3D('',#3376,#2679,#2680);
#2315=AXIS2_PLACEMENT_3D('',#3377,#2681,#2682);
#2316=AXIS2_PLACEMENT_3D('',#3383,#2686,#2687);
#2317=AXIS2_PLACEMENT_3D('',#3386,#2689,#2690);
#2318=AXIS2_PLACEMENT_3D('',#3387,#2691,#2692);
#2319=AXIS2_PLACEMENT_3D('',#3391,#2695,#2696);
#2320=AXIS2_PLACEMENT_3D('',#3392,#2697,#2698);
#2321=AXIS2_PLACEMENT_3D('',#3393,#2699,#2700);
#2322=AXIS2_PLACEMENT_3D('',#3399,#2704,#2705);
#2323=AXIS2_PLACEMENT_3D('',#3402,#2707,#2708);
#2324=AXIS2_PLACEMENT_3D('',#3403,#2709,#2710);
#2325=AXIS2_PLACEMENT_3D('',#3407,#2713,#2714);
#2326=AXIS2_PLACEMENT_3D('',#3408,#2715,#2716);
#2327=AXIS2_PLACEMENT_3D('',#3409,#2717,#2718);
#2328=AXIS2_PLACEMENT_3D('',#3410,#2719,#2720);
#2329=AXIS2_PLACEMENT_3D('',#3412,#2721,#2722);
#2330=AXIS2_PLACEMENT_3D('',#3413,#2723,#2724);
#2331=AXIS2_PLACEMENT_3D('',#3415,#2725,#2726);
#2332=AXIS2_PLACEMENT_3D('',#3421,#2730,#2731);
#2333=AXIS2_PLACEMENT_3D('',#3425,#2734,#2735);
#2334=AXIS2_PLACEMENT_3D('',#3429,#2738,#2739);
#2335=AXIS2_PLACEMENT_3D('',#3431,#2741,#2742);
#2336=AXIS2_PLACEMENT_3D('',#3437,#2746,#2747);
#2337=AXIS2_PLACEMENT_3D('',#3441,#2750,#2751);
#2338=AXIS2_PLACEMENT_3D('',#3445,#2754,#2755);
#2339=AXIS2_PLACEMENT_3D('',#3447,#2757,#2758);
#2340=AXIS2_PLACEMENT_3D('',#3453,#2762,#2763);
#2341=AXIS2_PLACEMENT_3D('',#3456,#2765,#2766);
#2342=AXIS2_PLACEMENT_3D('',#3457,#2767,#2768);
#2343=AXIS2_PLACEMENT_3D('',#3461,#2771,#2772);
#2344=AXIS2_PLACEMENT_3D('',#3462,#2773,#2774);
#2345=AXIS2_PLACEMENT_3D('',#3463,#2775,#2776);
#2346=AXIS2_PLACEMENT_3D('',#3469,#2780,#2781);
#2347=AXIS2_PLACEMENT_3D('',#3473,#2784,#2785);
#2348=AXIS2_PLACEMENT_3D('',#3477,#2788,#2789);
#2349=AXIS2_PLACEMENT_3D('',#3479,#2791,#2792);
#2350=AXIS2_PLACEMENT_3D('',#3485,#2796,#2797);
#2351=AXIS2_PLACEMENT_3D('',#3488,#2799,#2800);
#2352=AXIS2_PLACEMENT_3D('',#3489,#2801,#2802);
#2353=AXIS2_PLACEMENT_3D('',#3493,#2805,#2806);
#2354=AXIS2_PLACEMENT_3D('',#3494,#2807,#2808);
#2355=AXIS2_PLACEMENT_3D('',#3495,#2809,#2810);
#2356=AXIS2_PLACEMENT_3D('',#3496,#2811,#2812);
#2357=AXIS2_PLACEMENT_3D('',#3498,#2813,#2814);
#2358=AXIS2_PLACEMENT_3D('',#3506,#2819,#2820);
#2359=AXIS2_PLACEMENT_3D('',#3515,#2825,#2826);
#2360=AXIS2_PLACEMENT_3D('',#3525,#2832,#2833);
#2361=AXIS2_PLACEMENT_3D('',#3527,#2835,#2836);
#2362=AXIS2_PLACEMENT_3D('',#3528,#2837,#2838);
#2363=AXIS2_PLACEMENT_3D('',#3531,#2840,#2841);
#2364=AXIS2_PLACEMENT_3D('',#3537,#2845,#2846);
#2365=AXIS2_PLACEMENT_3D('',#3538,#2847,#2848);
#2366=AXIS2_PLACEMENT_3D('',#3542,#2851,#2852);
#2367=AXIS2_PLACEMENT_3D('',#3546,#2855,#2856);
#2368=AXIS2_PLACEMENT_3D('',#3548,#2858,#2859);
#2369=AXIS2_PLACEMENT_3D('',#3549,#2860,#2861);
#2370=AXIS2_PLACEMENT_3D('',#3550,#2862,#2863);
#2371=AXIS2_PLACEMENT_3D('',#3551,#2864,#2865);
#2372=AXIS2_PLACEMENT_3D('',#3553,#2867,#2868);
#2373=AXIS2_PLACEMENT_3D('',#3556,#2871,#2872);
#2374=AXIS2_PLACEMENT_3D('',#3558,#2874,#2875);
#2375=AXIS2_PLACEMENT_3D('',#3560,#2877,#2878);
#2376=AXIS2_PLACEMENT_3D('',#3561,#2879,#2880);
#2377=AXIS2_PLACEMENT_3D('',#3563,#2881,#2882);
#2378=AXIS2_PLACEMENT_3D('',#3565,#2883,#2884);
#2379=AXIS2_PLACEMENT_3D('',#3566,#2885,#2886);
#2380=AXIS2_PLACEMENT_3D('',#3568,#2887,#2888);
#2381=AXIS2_PLACEMENT_3D('',#3569,#2889,#2890);
#2382=AXIS2_PLACEMENT_3D('',#3571,#2891,#2892);
#2383=AXIS2_PLACEMENT_3D('',#3573,#2893,#2894);
#2384=AXIS2_PLACEMENT_3D('',#3574,#2895,#2896);
#2385=AXIS2_PLACEMENT_3D('',#3576,#2897,#2898);
#2386=AXIS2_PLACEMENT_3D('',#3577,#2899,#2900);
#2387=AXIS2_PLACEMENT_3D('',#3579,#2901,#2902);
#2388=AXIS2_PLACEMENT_3D('',#3581,#2903,#2904);
#2389=AXIS2_PLACEMENT_3D('',#3582,#2905,#2906);
#2390=AXIS2_PLACEMENT_3D('',#3584,#2907,#2908);
#2391=AXIS2_PLACEMENT_3D('',#3585,#2909,#2910);
#2392=AXIS2_PLACEMENT_3D('',#3587,#2911,#2912);
#2393=AXIS2_PLACEMENT_3D('',#3589,#2913,#2914);
#2394=AXIS2_PLACEMENT_3D('',#3590,#2915,#2916);
#2395=AXIS2_PLACEMENT_3D('',#3592,#2917,#2918);
#2396=AXIS2_PLACEMENT_3D('',#3593,#2919,#2920);
#2397=AXIS2_PLACEMENT_3D('',#3594,#2921,#2922);
#2398=AXIS2_PLACEMENT_3D('',#3595,#2923,#2924);
#2399=AXIS2_PLACEMENT_3D('',#3596,#2925,#2926);
#2400=AXIS2_PLACEMENT_3D('',#3597,#2927,#2928);
#2401=AXIS2_PLACEMENT_3D('',#3598,#2929,#2930);
#2402=AXIS2_PLACEMENT_3D('',#3599,#2931,#2932);
#2403=AXIS2_PLACEMENT_3D('',#3600,#2933,#2934);
#2404=AXIS2_PLACEMENT_3D('',#3603,#2937,#2938);
#2405=AXIS2_PLACEMENT_3D('',#3605,#2940,#2941);
#2406=AXIS2_PLACEMENT_3D('',#3607,#2943,#2944);
#2407=AXIS2_PLACEMENT_3D('',#3608,#2945,#2946);
#2408=AXIS2_PLACEMENT_3D('',#3611,#2949,#2950);
#2409=AXIS2_PLACEMENT_3D('',#3613,#2952,#2953);
#2410=AXIS2_PLACEMENT_3D('',#3615,#2955,#2956);
#2411=AXIS2_PLACEMENT_3D('',#3616,#2957,#2958);
#2412=AXIS2_PLACEMENT_3D('',#3617,#2959,#2960);
#2413=AXIS2_PLACEMENT_3D('',#3620,#2963,#2964);
#2414=AXIS2_PLACEMENT_3D('',#3622,#2966,#2967);
#2415=AXIS2_PLACEMENT_3D('',#3624,#2969,#2970);
#2416=AXIS2_PLACEMENT_3D('',#3625,#2971,#2972);
#2417=AXIS2_PLACEMENT_3D('',#3628,#2975,#2976);
#2418=AXIS2_PLACEMENT_3D('',#3630,#2978,#2979);
#2419=AXIS2_PLACEMENT_3D('',#3632,#2981,#2982);
#2420=AXIS2_PLACEMENT_3D('',#3633,#2983,#2984);
#2421=AXIS2_PLACEMENT_3D('',#3636,#2987,#2988);
#2422=AXIS2_PLACEMENT_3D('',#3638,#2990,#2991);
#2423=AXIS2_PLACEMENT_3D('',#3640,#2993,#2994);
#2424=AXIS2_PLACEMENT_3D('',#3641,#2995,#2996);
#2425=AXIS2_PLACEMENT_3D('',#3642,#2997,#2998);
#2426=AXIS2_PLACEMENT_3D('',#3643,#2999,#3000);
#2427=AXIS2_PLACEMENT_3D('',#3644,#3001,#3002);
#2428=AXIS2_PLACEMENT_3D('',#3647,#3005,#3006);
#2429=AXIS2_PLACEMENT_3D('',#3649,#3008,#3009);
#2430=AXIS2_PLACEMENT_3D('',#3651,#3011,#3012);
#2431=AXIS2_PLACEMENT_3D('',#3652,#3013,#3014);
#2432=AXIS2_PLACEMENT_3D('',#3655,#3017,#3018);
#2433=AXIS2_PLACEMENT_3D('',#3657,#3020,#3021);
#2434=AXIS2_PLACEMENT_3D('',#3659,#3023,#3024);
#2435=AXIS2_PLACEMENT_3D('',#3660,#3025,#3026);
#2436=AXIS2_PLACEMENT_3D('',#3663,#3029,#3030);
#2437=AXIS2_PLACEMENT_3D('',#3665,#3032,#3033);
#2438=AXIS2_PLACEMENT_3D('',#3667,#3035,#3036);
#2439=AXIS2_PLACEMENT_3D('',#3668,#3037,#3038);
#2440=AXIS2_PLACEMENT_3D('',#3671,#3041,#3042);
#2441=AXIS2_PLACEMENT_3D('',#3673,#3044,#3045);
#2442=AXIS2_PLACEMENT_3D('',#3675,#3047,#3048);
#2443=AXIS2_PLACEMENT_3D('',#3676,#3049,#3050);
#2444=AXIS2_PLACEMENT_3D('',#3679,#3053,#3054);
#2445=AXIS2_PLACEMENT_3D('',#3681,#3056,#3057);
#2446=AXIS2_PLACEMENT_3D('',#3683,#3059,#3060);
#2447=AXIS2_PLACEMENT_3D('',#3684,#3061,#3062);
#2448=AXIS2_PLACEMENT_3D('',#3687,#3065,#3066);
#2449=AXIS2_PLACEMENT_3D('',#3689,#3068,#3069);
#2450=AXIS2_PLACEMENT_3D('',#3691,#3071,#3072);
#2451=DIRECTION('',(0.,0.,1.));
#2452=DIRECTION('',(1.,0.,0.));
#2453=DIRECTION('',(0.,0.,1.));
#2454=DIRECTION('',(1.,0.,0.));
#2455=DIRECTION('',(0.,-1.,0.));
#2456=DIRECTION('',(-1.,0.,0.));
#2457=DIRECTION('',(0.,-1.,0.));
#2458=DIRECTION('',(-1.,0.,0.));
#2459=DIRECTION('',(0.,0.,1.));
#2460=DIRECTION('',(1.,0.,0.));
#2461=DIRECTION('',(0.,0.,1.));
#2462=DIRECTION('',(1.,0.,0.));
#2463=DIRECTION('',(0.,0.,1.));
#2464=DIRECTION('',(1.,0.,0.));
#2465=DIRECTION('',(0.,0.,1.));
#2466=DIRECTION('',(1.,0.,0.));
#2467=DIRECTION('',(0.,0.,1.));
#2468=DIRECTION('',(1.,0.,0.));
#2469=DIRECTION('',(0.,0.,1.));
#2470=DIRECTION('',(1.,0.,0.));
#2471=DIRECTION('',(0.,0.,1.));
#2472=DIRECTION('',(1.,0.,0.));
#2473=DIRECTION('',(0.,0.,1.));
#2474=DIRECTION('',(1.,0.,0.));
#2475=DIRECTION('',(0.,1.,0.));
#2476=DIRECTION('',(0.,0.,1.));
#2477=DIRECTION('',(1.,0.,0.));
#2478=DIRECTION('',(-4.33680868994215E-16,1.,0.));
#2479=DIRECTION('',(-3.79470760369927E-16,1.,0.));
#2480=DIRECTION('',(0.,0.,1.));
#2481=DIRECTION('',(1.,0.,0.));
#2482=DIRECTION('',(1.08420217248557E-16,1.,0.));
#2483=DIRECTION('',(0.,0.,1.));
#2484=DIRECTION('',(1.,0.,0.));
#2485=DIRECTION('',(-4.33680868994202E-16,1.,0.));
#2486=DIRECTION('',(0.,0.,1.));
#2487=DIRECTION('',(1.,0.,0.));
#2488=DIRECTION('',(-3.25260651745664E-16,1.,0.));
#2489=DIRECTION('',(0.,0.,1.));
#2490=DIRECTION('',(1.,0.,0.));
#2491=DIRECTION('',(0.,1.,0.));
#2492=DIRECTION('',(1.,-1.32348881453191E-23,-5.62810927745182E-17));
#2493=DIRECTION('',(-1.65606059759122E-16,-1.,0.));
#2494=DIRECTION('',(1.,0.,0.));
#2495=DIRECTION('',(0.,-1.,0.));
#2496=DIRECTION('',(1.,0.,0.));
#2497=DIRECTION('',(-1.65606059759122E-16,-1.,0.));
#2498=DIRECTION('',(1.,-1.32348881453191E-23,-5.62810927745182E-17));
#2499=DIRECTION('',(0.,1.,0.));
#2500=DIRECTION('',(-1.,0.,0.));
#2501=DIRECTION('',(-1.82602471155453E-16,1.,0.));
#2502=DIRECTION('',(-1.,0.,0.));
#2503=DIRECTION('',(0.,0.,1.));
#2504=DIRECTION('',(1.,0.,0.));
#2505=DIRECTION('',(-2.16840434497101E-16,1.,0.));
#2506=DIRECTION('',(0.,0.,1.));
#2507=DIRECTION('',(1.,0.,0.));
#2508=DIRECTION('',(-1.08420217248557E-16,1.,0.));
#2509=DIRECTION('',(0.,-1.,0.));
#2510=DIRECTION('',(1.,0.,0.));
#2511=DIRECTION('',(0.,-1.,0.));
#2512=DIRECTION('',(1.,0.,0.));
#2513=DIRECTION('',(1.3010426069826E-16,-1.,0.));
#2514=DIRECTION('',(1.,0.,0.));
#2515=DIRECTION('',(1.15648231731787E-16,-1.,0.));
#2516=DIRECTION('',(1.,0.,0.));
#2517=DIRECTION('',(-3.65918233213857E-16,1.,0.));
#2518=DIRECTION('',(0.,0.,1.));
#2519=DIRECTION('',(1.,0.,0.));
#2520=DIRECTION('',(-3.79470760369944E-16,1.,0.));
#2521=DIRECTION('',(0.,0.,1.));
#2522=DIRECTION('',(1.,0.,0.));
#2523=DIRECTION('',(-1.0245850882136E-16,1.,0.));
#2524=DIRECTION('',(-1.,-2.22757428696862E-16,0.));
#2525=DIRECTION('',(2.72171639908448E-33,1.,0.));
#2526=DIRECTION('',(-1.,-2.50602107283969E-16,0.));
#2527=DIRECTION('',(-4.33680868994202E-16,1.,0.));
#2528=DIRECTION('',(0.,0.,1.));
#2529=DIRECTION('',(1.,0.,0.));
#2530=DIRECTION('',(-4.33680868994215E-16,1.,0.));
#2531=DIRECTION('',(0.,0.,1.));
#2532=DIRECTION('',(1.,0.,0.));
#2533=DIRECTION('',(0.,-1.,0.));
#2534=DIRECTION('',(-1.,0.,0.));
#2535=DIRECTION('',(0.,-1.,0.));
#2536=DIRECTION('',(-1.,0.,0.));
#2537=DIRECTION('',(0.,0.,1.));
#2538=DIRECTION('',(1.,0.,0.));
#2539=DIRECTION('',(0.,-1.,0.));
#2540=DIRECTION('',(0.,0.,1.));
#2541=DIRECTION('',(1.,0.,0.));
#2542=DIRECTION('',(-4.33680868994215E-16,1.,0.));
#2543=DIRECTION('',(0.,0.,1.));
#2544=DIRECTION('',(1.,0.,0.));
#2545=DIRECTION('',(4.33680868994215E-16,-1.,0.));
#2546=DIRECTION('',(0.,0.,1.));
#2547=DIRECTION('',(1.,0.,0.));
#2548=DIRECTION('',(-4.33680868994202E-16,1.,0.));
#2549=DIRECTION('',(0.,0.,1.));
#2550=DIRECTION('',(1.,0.,0.));
#2551=DIRECTION('',(4.33680868994202E-16,-1.,0.));
#2552=DIRECTION('',(0.,0.,1.));
#2553=DIRECTION('',(1.,0.,0.));
#2554=DIRECTION('',(-3.25260651745664E-16,1.,0.));
#2555=DIRECTION('',(0.,0.,1.));
#2556=DIRECTION('',(1.,0.,0.));
#2557=DIRECTION('',(-1.08420217248557E-16,-1.,0.));
#2558=DIRECTION('',(0.,0.,1.));
#2559=DIRECTION('',(1.,0.,0.));
#2560=DIRECTION('',(-3.79470760369927E-16,1.,0.));
#2561=DIRECTION('',(0.,0.,1.));
#2562=DIRECTION('',(1.,0.,0.));
#2563=DIRECTION('',(3.65918233213857E-16,-1.,0.));
#2564=DIRECTION('',(0.,0.,1.));
#2565=DIRECTION('',(1.,0.,0.));
#2566=DIRECTION('',(-3.79470760369944E-16,1.,0.));
#2567=DIRECTION('',(0.,0.,1.));
#2568=DIRECTION('',(1.,0.,0.));
#2569=DIRECTION('',(1.08420217248557E-16,-1.,0.));
#2570=DIRECTION('',(0.,0.,1.));
#2571=DIRECTION('',(1.,0.,0.));
#2572=DIRECTION('',(-2.16840434497101E-16,1.,0.));
#2573=DIRECTION('',(0.,0.,1.));
#2574=DIRECTION('',(1.,0.,0.));
#2575=DIRECTION('',(-1.,0.,0.));
#2576=DIRECTION('',(0.,1.,0.));
#2577=DIRECTION('',(1.,0.,0.));
#2578=DIRECTION('',(0.,-1.,0.));
#2579=DIRECTION('',(-1.,0.,0.));
#2580=DIRECTION('',(-1.3010426069826E-16,1.,0.));
#2581=DIRECTION('',(1.,0.,0.));
#2582=DIRECTION('',(1.15648231731787E-16,-1.,0.));
#2583=DIRECTION('',(1.,2.22757428696862E-16,0.));
#2584=DIRECTION('',(1.0245850882136E-16,-1.,0.));
#2585=DIRECTION('',(-1.,-2.50602107283969E-16,0.));
#2586=DIRECTION('',(2.72171639908448E-33,1.,0.));
#2587=DIRECTION('',(0.,0.,1.));
#2588=DIRECTION('',(1.,0.,0.));
#2589=DIRECTION('',(0.,0.,1.));
#2590=DIRECTION('',(1.,0.,0.));
#2591=DIRECTION('',(0.,0.,1.));
#2592=DIRECTION('',(1.,0.,0.));
#2593=DIRECTION('',(0.,0.,1.));
#2594=DIRECTION('',(1.,0.,0.));
#2595=DIRECTION('',(0.,0.,1.));
#2596=DIRECTION('',(1.,0.,0.));
#2597=DIRECTION('',(0.,0.,1.));
#2598=DIRECTION('',(1.,0.,0.));
#2599=DIRECTION('',(0.,0.,1.));
#2600=DIRECTION('',(1.,0.,0.));
#2601=DIRECTION('',(1.,-1.32348881453191E-23,-5.62810927745182E-17));
#2602=DIRECTION('',(1.32348881453191E-23,1.,0.));
#2603=DIRECTION('',(-1.,-3.24938908287662E-17,0.));
#2604=DIRECTION('',(-1.32348881453191E-23,-1.,0.));
#2605=DIRECTION('',(-1.,3.24939172985425E-17,0.));
#2606=DIRECTION('',(1.32348881453191E-23,1.,0.));
#2607=DIRECTION('',(1.,-1.32348881453191E-23,-5.62810927745182E-17));
#2608=DIRECTION('',(-1.65606059759122E-16,-1.,0.));
#2609=DIRECTION('',(1.,0.,0.));
#2610=DIRECTION('',(0.,-1.,0.));
#2611=DIRECTION('',(1.,0.,0.));
#2612=DIRECTION('',(-1.65606059759122E-16,-1.,0.));
#2613=DIRECTION('',(-1.,0.,0.));
#2614=DIRECTION('',(0.,-1.,0.));
#2615=DIRECTION('',(-1.,0.,0.));
#2616=DIRECTION('',(0.,-1.,0.));
#2617=DIRECTION('',(-1.,0.,0.));
#2618=DIRECTION('',(0.,-1.,0.));
#2619=DIRECTION('',(-1.,0.,0.));
#2620=DIRECTION('',(0.,-1.,0.));
#2621=DIRECTION('',(1.,-1.32348881453191E-23,-5.62810927745182E-17));
#2622=DIRECTION('',(1.32348881453191E-23,1.,-7.44873967567073E-40));
#2623=DIRECTION('',(4.87408494780375E-17,-0.5,0.866025403784439));
#2624=DIRECTION('',(-1.32348881453191E-23,-1.,7.44873967567073E-40));
#2625=DIRECTION('',(1.,-1.32348881453191E-23,-5.62810927745182E-17));
#2626=DIRECTION('',(-5.62810927745182E-17,0.,-1.));
#2627=DIRECTION('',(1.,-1.65606059759122E-16,0.));
#2628=DIRECTION('',(1.65606059759122E-16,1.,0.));
#2629=DIRECTION('',(1.,-1.65606059759122E-16,0.));
#2630=DIRECTION('',(1.65606059759122E-16,1.,0.));
#2631=DIRECTION('',(0.,0.,-1.));
#2632=DIRECTION('',(0.,1.,0.));
#2633=DIRECTION('',(0.,0.,1.));
#2634=DIRECTION('',(0.,0.,-1.));
#2635=DIRECTION('',(0.,0.,-1.));
#2636=DIRECTION('',(1.,0.,0.));
#2637=DIRECTION('',(0.,0.,-1.));
#2638=DIRECTION('',(0.,0.,-1.));
#2639=DIRECTION('',(0.,1.,0.));
#2640=DIRECTION('',(0.,0.,1.));
#2641=DIRECTION('',(1.,-1.65606059759122E-16,0.));
#2642=DIRECTION('',(1.65606059759122E-16,1.,0.));
#2643=DIRECTION('',(1.,-1.65606059759122E-16,0.));
#2644=DIRECTION('',(1.65606059759122E-16,1.,0.));
#2645=DIRECTION('',(1.,1.08420217248557E-16,0.));
#2646=DIRECTION('',(-1.08420217248557E-16,1.,0.));
#2647=DIRECTION('',(0.,0.,-1.));
#2648=DIRECTION('',(-1.08420217248557E-16,1.,0.));
#2649=DIRECTION('',(0.,0.,-1.));
#2650=DIRECTION('',(0.,0.,-1.));
#2651=DIRECTION('',(-1.,0.,0.));
#2652=DIRECTION('',(0.,0.,-1.));
#2653=DIRECTION('',(0.,0.,1.));
#2654=DIRECTION('',(1.,0.,0.));
#2655=DIRECTION('',(1.,2.16840434497101E-16,0.));
#2656=DIRECTION('',(-2.16840434497101E-16,1.,0.));
#2657=DIRECTION('',(0.,0.,-1.));
#2658=DIRECTION('',(2.16840434497101E-16,-1.,0.));
#2659=DIRECTION('',(0.,0.,-1.));
#2660=DIRECTION('',(-1.,0.,0.));
#2661=DIRECTION('',(0.,0.,1.));
#2662=DIRECTION('',(1.,0.,0.));
#2663=DIRECTION('',(1.,4.33680868994202E-16,0.));
#2664=DIRECTION('',(-4.33680868994202E-16,1.,0.));
#2665=DIRECTION('',(0.,0.,-1.));
#2666=DIRECTION('',(-4.33680868994202E-16,1.,0.));
#2667=DIRECTION('',(0.,0.,-1.));
#2668=DIRECTION('',(0.,0.,-1.));
#2669=DIRECTION('',(-1.,0.,0.));
#2670=DIRECTION('',(0.,0.,-1.));
#2671=DIRECTION('',(0.,0.,1.));
#2672=DIRECTION('',(1.,0.,0.));
#2673=DIRECTION('',(1.,3.25260651745664E-16,0.));
#2674=DIRECTION('',(-3.25260651745664E-16,1.,0.));
#2675=DIRECTION('',(0.,0.,-1.));
#2676=DIRECTION('',(3.25260651745664E-16,-1.,0.));
#2677=DIRECTION('',(0.,0.,-1.));
#2678=DIRECTION('',(-1.,0.,0.));
#2679=DIRECTION('',(0.,0.,1.));
#2680=DIRECTION('',(1.,0.,0.));
#2681=DIRECTION('',(1.,3.79470760369927E-16,0.));
#2682=DIRECTION('',(-3.79470760369927E-16,1.,0.));
#2683=DIRECTION('',(0.,0.,-1.));
#2684=DIRECTION('',(3.79470760369927E-16,-1.,0.));
#2685=DIRECTION('',(0.,0.,-1.));
#2686=DIRECTION('',(0.,0.,-1.));
#2687=DIRECTION('',(-1.,0.,0.));
#2688=DIRECTION('',(0.,0.,-1.));
#2689=DIRECTION('',(0.,0.,1.));
#2690=DIRECTION('',(1.,0.,0.));
#2691=DIRECTION('',(1.,-1.08420217248557E-16,0.));
#2692=DIRECTION('',(1.08420217248557E-16,1.,0.));
#2693=DIRECTION('',(0.,0.,-1.));
#2694=DIRECTION('',(1.08420217248557E-16,1.,0.));
#2695=DIRECTION('',(0.,0.,-1.));
#2696=DIRECTION('',(-1.,0.,0.));
#2697=DIRECTION('',(0.,0.,1.));
#2698=DIRECTION('',(1.,0.,0.));
#2699=DIRECTION('',(1.,4.33680868994215E-16,0.));
#2700=DIRECTION('',(-4.33680868994215E-16,1.,0.));
#2701=DIRECTION('',(0.,0.,-1.));
#2702=DIRECTION('',(4.33680868994215E-16,-1.,0.));
#2703=DIRECTION('',(0.,0.,-1.));
#2704=DIRECTION('',(0.,0.,-1.));
#2705=DIRECTION('',(-1.,0.,0.));
#2706=DIRECTION('',(0.,0.,-1.));
#2707=DIRECTION('',(0.,0.,1.));
#2708=DIRECTION('',(1.,0.,0.));
#2709=DIRECTION('',(1.,0.,0.));
#2710=DIRECTION('',(0.,0.,-1.));
#2711=DIRECTION('',(0.,0.,-1.));
#2712=DIRECTION('',(0.,1.,0.));
#2713=DIRECTION('',(0.,0.,-1.));
#2714=DIRECTION('',(-1.,0.,0.));
#2715=DIRECTION('',(0.,0.,1.));
#2716=DIRECTION('',(1.,0.,0.));
#2717=DIRECTION('',(0.,0.,-1.));
#2718=DIRECTION('',(-1.,0.,0.));
#2719=DIRECTION('',(0.,0.,1.));
#2720=DIRECTION('',(1.,0.,0.));
#2721=DIRECTION('',(0.,0.,-1.));
#2722=DIRECTION('',(-1.,0.,0.));
#2723=DIRECTION('',(0.,0.,1.));
#2724=DIRECTION('',(1.,0.,0.));
#2725=DIRECTION('',(-1.,0.,0.));
#2726=DIRECTION('',(0.,0.,1.));
#2727=DIRECTION('',(0.,0.,-1.));
#2728=DIRECTION('',(0.,-1.,0.));
#2729=DIRECTION('',(0.,0.,-1.));
#2730=DIRECTION('',(0.,-1.,0.));
#2731=DIRECTION('',(0.,0.,-1.));
#2732=DIRECTION('',(0.,0.,-1.));
#2733=DIRECTION('',(-1.,0.,0.));
#2734=DIRECTION('',(-1.,0.,0.));
#2735=DIRECTION('',(0.,0.,1.));
#2736=DIRECTION('',(0.,0.,-1.));
#2737=DIRECTION('',(0.,1.,0.));
#2738=DIRECTION('',(0.,-1.,0.));
#2739=DIRECTION('',(0.,0.,-1.));
#2740=DIRECTION('',(1.,0.,0.));
#2741=DIRECTION('',(-1.,-1.3010426069826E-16,0.));
#2742=DIRECTION('',(1.3010426069826E-16,-1.,0.));
#2743=DIRECTION('',(0.,0.,-1.));
#2744=DIRECTION('',(1.3010426069826E-16,-1.,0.));
#2745=DIRECTION('',(0.,0.,-1.));
#2746=DIRECTION('',(0.,-1.,0.));
#2747=DIRECTION('',(0.,0.,-1.));
#2748=DIRECTION('',(0.,0.,-1.));
#2749=DIRECTION('',(-1.,0.,0.));
#2750=DIRECTION('',(-1.,-1.15648231731787E-16,0.));
#2751=DIRECTION('',(1.15648231731787E-16,-1.,0.));
#2752=DIRECTION('',(0.,0.,-1.));
#2753=DIRECTION('',(-1.15648231731787E-16,1.,0.));
#2754=DIRECTION('',(0.,-1.,0.));
#2755=DIRECTION('',(0.,0.,-1.));
#2756=DIRECTION('',(1.,0.,0.));
#2757=DIRECTION('',(1.,3.65918233213857E-16,0.));
#2758=DIRECTION('',(-3.65918233213857E-16,1.,0.));
#2759=DIRECTION('',(0.,0.,-1.));
#2760=DIRECTION('',(-3.65918233213857E-16,1.,0.));
#2761=DIRECTION('',(0.,0.,-1.));
#2762=DIRECTION('',(0.,0.,-1.));
#2763=DIRECTION('',(-1.,0.,0.));
#2764=DIRECTION('',(0.,0.,-1.));
#2765=DIRECTION('',(0.,0.,1.));
#2766=DIRECTION('',(1.,0.,0.));
#2767=DIRECTION('',(1.,3.79470760369944E-16,0.));
#2768=DIRECTION('',(-3.79470760369944E-16,1.,0.));
#2769=DIRECTION('',(0.,0.,-1.));
#2770=DIRECTION('',(3.79470760369944E-16,-1.,0.));
#2771=DIRECTION('',(0.,0.,-1.));
#2772=DIRECTION('',(-1.,0.,0.));
#2773=DIRECTION('',(0.,0.,1.));
#2774=DIRECTION('',(1.,0.,0.));
#2775=DIRECTION('',(1.,1.0245850882136E-16,0.));
#2776=DIRECTION('',(-1.0245850882136E-16,1.,0.));
#2777=DIRECTION('',(0.,0.,-1.));
#2778=DIRECTION('',(-1.0245850882136E-16,1.,0.));
#2779=DIRECTION('',(0.,0.,-1.));
#2780=DIRECTION('',(-2.50602107283969E-16,1.,0.));
#2781=DIRECTION('',(-1.,-2.50602107283969E-16,0.));
#2782=DIRECTION('',(0.,0.,-1.));
#2783=DIRECTION('',(1.,2.50602107283969E-16,0.));
#2784=DIRECTION('',(1.,-2.72171639908448E-33,0.));
#2785=DIRECTION('',(2.72171639908448E-33,1.,0.));
#2786=DIRECTION('',(0.,0.,-1.));
#2787=DIRECTION('',(-2.72171639908448E-33,-1.,0.));
#2788=DIRECTION('',(-2.22757428696862E-16,1.,0.));
#2789=DIRECTION('',(-1.,-2.22757428696862E-16,0.));
#2790=DIRECTION('',(-1.,-2.22757428696862E-16,0.));
#2791=DIRECTION('',(1.,4.33680868994202E-16,0.));
#2792=DIRECTION('',(-4.33680868994202E-16,1.,0.));
#2793=DIRECTION('',(0.,0.,-1.));
#2794=DIRECTION('',(4.33680868994202E-16,-1.,0.));
#2795=DIRECTION('',(0.,0.,-1.));
#2796=DIRECTION('',(0.,0.,-1.));
#2797=DIRECTION('',(-1.,0.,0.));
#2798=DIRECTION('',(0.,0.,-1.));
#2799=DIRECTION('',(0.,0.,1.));
#2800=DIRECTION('',(1.,0.,0.));
#2801=DIRECTION('',(1.,4.33680868994215E-16,0.));
#2802=DIRECTION('',(-4.33680868994215E-16,1.,0.));
#2803=DIRECTION('',(0.,0.,-1.));
#2804=DIRECTION('',(-4.33680868994215E-16,1.,0.));
#2805=DIRECTION('',(0.,0.,-1.));
#2806=DIRECTION('',(-1.,0.,0.));
#2807=DIRECTION('',(0.,0.,1.));
#2808=DIRECTION('',(1.,0.,0.));
#2809=DIRECTION('',(0.,0.,-1.));
#2810=DIRECTION('',(-1.,0.,0.));
#2811=DIRECTION('',(0.,0.,1.));
#2812=DIRECTION('',(1.,0.,0.));
#2813=DIRECTION('',(2.81405578490084E-17,0.866025403784439,0.5));
#2814=DIRECTION('',(0.,-0.5,0.866025403784439));
#2815=DIRECTION('',(-0.196057410916244,0.49029620935329,-0.849217945358325));
#2816=DIRECTION('',(-0.861891266296485,0.253546566276218,-0.439155534875039));
#2817=DIRECTION('',(1.,-1.3234888136845E-23,-5.62810927745182E-17));
#2818=DIRECTION('',(-0.447213595499958,-0.447213595499958,0.774596669241483));
#2819=DIRECTION('',(5.62810927745182E-17,0.,1.));
#2820=DIRECTION('',(1.,0.,-5.62810927745182E-17));
#2821=DIRECTION('',(-1.,1.32348881400273E-23,5.62810927745182E-17));
#2822=DIRECTION('',(-1.32348881453191E-23,-1.,7.44873967567073E-40));
#2823=DIRECTION('',(1.,-1.32348881471437E-23,-5.62810927745182E-17));
#2824=DIRECTION('',(1.32348881453191E-23,1.,-7.44873967567073E-40));
#2825=DIRECTION('',(-2.81405349255098E-17,0.866025403784439,-0.5));
#2826=DIRECTION('',(0.,0.5,0.866025403784439));
#2827=DIRECTION('',(-1.,1.32348881491709E-23,5.62810927745182E-17));
#2828=DIRECTION('',(0.861891266296485,0.253546566276218,0.439155534875039));
#2829=DIRECTION('',(-0.196057410916244,-0.49029620935329,-0.849217945358325));
#2830=DIRECTION('',(4.87408627129256E-17,0.5,0.866025403784439));
#2831=DIRECTION('',(0.447213595499958,-0.447213595499958,-0.774596669241483));
#2832=DIRECTION('',(-0.974370064785235,1.28956788195799E-23,0.224951054343865));
#2833=DIRECTION('',(0.224951054343865,-2.97720204241264E-24,0.974370064785235));
#2834=DIRECTION('',(-1.32348881453191E-23,-1.,3.84389772076622E-40));
#2835=DIRECTION('',(1.,-1.32348881453191E-23,-5.62810927745182E-17));
#2836=DIRECTION('',(1.32348881453191E-23,1.,-7.44873967567073E-40));
#2837=DIRECTION('',(1.,-1.32348881453191E-23,-5.62810927745182E-17));
#2838=DIRECTION('',(-5.62810927745182E-17,0.,-1.));
#2839=DIRECTION('',(-1.32348881453191E-23,-1.,7.44873967567073E-40));
#2840=DIRECTION('',(0.,1.,1.31838984174237E-16));
#2841=DIRECTION('',(0.,-1.31838984174237E-16,1.));
#2842=DIRECTION('',(9.26369098866138E-17,-1.31838984174237E-16,1.));
#2843=DIRECTION('',(-1.,-1.22131560964915E-32,9.26369098866138E-17));
#2844=DIRECTION('',(9.26369098866138E-17,-1.31838984174237E-16,1.));
#2845=DIRECTION('',(1.,0.,-9.26369098866138E-17));
#2846=DIRECTION('',(-9.26369098866138E-17,0.,-1.));
#2847=DIRECTION('',(1.,0.,-9.26369098866138E-17));
#2848=DIRECTION('',(-9.26369098866138E-17,0.,-1.));
#2849=DIRECTION('',(1.22131560964915E-32,1.,1.31838984174237E-16));
#2850=DIRECTION('',(9.26369098866138E-17,-1.31838984174237E-16,1.));
#2851=DIRECTION('',(0.,1.,1.31838984174237E-16));
#2852=DIRECTION('',(0.,-1.31838984174237E-16,1.));
#2853=DIRECTION('',(-1.,-1.22131560964915E-32,9.26369098866138E-17));
#2854=DIRECTION('',(9.26369098866138E-17,-1.31838984174237E-16,1.));
#2855=DIRECTION('',(1.,1.82602471155453E-16,-9.26369098866138E-17));
#2856=DIRECTION('',(-1.82602471155453E-16,1.,0.));
#2857=DIRECTION('',(-1.82602471155453E-16,1.,1.31838984174237E-16));
#2858=DIRECTION('',(9.26369098866138E-17,-1.31838984174237E-16,1.));
#2859=DIRECTION('',(1.,1.22131560964915E-32,-9.26369098866138E-17));
#2860=DIRECTION('',(1.,-1.32348881453191E-23,-5.62810927745182E-17));
#2861=DIRECTION('',(-5.62810927745182E-17,0.,-1.));
#2862=DIRECTION('',(-0.866025403784439,1.14617493500918E-23,-0.5));
#2863=DIRECTION('',(0.5,-6.61744407265953E-24,-0.866025403784439));
#2864=DIRECTION('',(-0.866025403784439,1.14617493500918E-23,-0.5));
#2865=DIRECTION('',(-1.32348881453191E-23,-1.,7.44873967567073E-40));
#2866=DIRECTION('',(1.32348881453191E-23,1.,-8.19925973451731E-40));
#2867=DIRECTION('',(5.28869230433835E-17,-0.342020143325669,0.939692620785908));
#2868=DIRECTION('',(-1.,1.32348881471437E-23,5.62810927745182E-17));
#2869=DIRECTION('',(0.557333320352069,0.780216302970849,0.28397551057061));
#2870=DIRECTION('',(-0.684791078771734,0.684791078771738,0.249243569363955));
#2871=DIRECTION('',(0.342020143325671,-4.52659834036125E-24,0.939692620785908));
#2872=DIRECTION('',(-1.32348881453191E-23,-1.,5.58655475675305E-40));
#2873=DIRECTION('',(0.684791078771734,0.684791078771738,-0.249243569363955));
#2874=DIRECTION('',(-5.28869320965801E-17,-0.342020143325669,-0.939692620785908));
#2875=DIRECTION('',(1.,-1.32348881369458E-23,-5.62810927745182E-17));
#2876=DIRECTION('',(0.557333320352069,-0.780216302970849,0.28397551057061));
#2877=DIRECTION('',(0.,0.,1.));
#2878=DIRECTION('',(1.,0.,0.));
#2879=DIRECTION('',(0.,0.,1.));
#2880=DIRECTION('',(1.,0.,0.));
#2881=DIRECTION('',(0.,0.,1.));
#2882=DIRECTION('',(1.,0.,0.));
#2883=DIRECTION('',(0.,0.,1.));
#2884=DIRECTION('',(1.,0.,0.));
#2885=DIRECTION('',(0.,0.,1.));
#2886=DIRECTION('',(1.,0.,0.));
#2887=DIRECTION('',(0.,0.,1.));
#2888=DIRECTION('',(1.,0.,0.));
#2889=DIRECTION('',(0.,0.,1.));
#2890=DIRECTION('',(1.,0.,0.));
#2891=DIRECTION('',(0.,0.,1.));
#2892=DIRECTION('',(1.,0.,0.));
#2893=DIRECTION('',(0.,0.,1.));
#2894=DIRECTION('',(1.,0.,0.));
#2895=DIRECTION('',(0.,0.,1.));
#2896=DIRECTION('',(1.,0.,0.));
#2897=DIRECTION('',(0.,0.,1.));
#2898=DIRECTION('',(1.,0.,0.));
#2899=DIRECTION('',(0.,0.,1.));
#2900=DIRECTION('',(1.,0.,0.));
#2901=DIRECTION('',(0.,0.,1.));
#2902=DIRECTION('',(1.,0.,0.));
#2903=DIRECTION('',(0.,0.,1.));
#2904=DIRECTION('',(1.,0.,0.));
#2905=DIRECTION('',(0.,0.,1.));
#2906=DIRECTION('',(1.,0.,0.));
#2907=DIRECTION('',(0.,0.,1.));
#2908=DIRECTION('',(1.,0.,0.));
#2909=DIRECTION('',(0.,0.,1.));
#2910=DIRECTION('',(1.,0.,0.));
#2911=DIRECTION('',(0.,0.,1.));
#2912=DIRECTION('',(1.,0.,0.));
#2913=DIRECTION('',(0.,0.,1.));
#2914=DIRECTION('',(1.,0.,0.));
#2915=DIRECTION('',(0.,0.,1.));
#2916=DIRECTION('',(1.,0.,0.));
#2917=DIRECTION('',(0.,0.,1.));
#2918=DIRECTION('',(1.,0.,0.));
#2919=DIRECTION('',(0.,0.,1.));
#2920=DIRECTION('',(1.,0.,0.));
#2921=DIRECTION('',(0.,0.,1.));
#2922=DIRECTION('',(1.,0.,0.));
#2923=DIRECTION('',(0.,0.,1.));
#2924=DIRECTION('',(1.,0.,0.));
#2925=DIRECTION('',(0.,0.,1.));
#2926=DIRECTION('',(1.,0.,0.));
#2927=DIRECTION('',(0.,0.,1.));
#2928=DIRECTION('',(1.,0.,0.));
#2929=DIRECTION('',(0.,0.,1.));
#2930=DIRECTION('',(1.,0.,0.));
#2931=DIRECTION('',(0.,0.,1.));
#2932=DIRECTION('',(1.,0.,0.));
#2933=DIRECTION('',(-1.,0.,0.));
#2934=DIRECTION('',(0.,0.,1.));
#2935=DIRECTION('',(0.,0.,1.));
#2936=DIRECTION('',(0.,0.,1.));
#2937=DIRECTION('',(0.,1.,0.));
#2938=DIRECTION('',(0.,0.,1.));
#2939=DIRECTION('',(0.,0.,1.));
#2940=DIRECTION('',(-1.,0.,0.));
#2941=DIRECTION('',(0.,0.,1.));
#2942=DIRECTION('',(0.,0.,1.));
#2943=DIRECTION('',(0.,1.,0.));
#2944=DIRECTION('',(0.,0.,1.));
#2945=DIRECTION('',(-1.,0.,0.));
#2946=DIRECTION('',(0.,0.,1.));
#2947=DIRECTION('',(0.,0.,1.));
#2948=DIRECTION('',(0.,0.,1.));
#2949=DIRECTION('',(0.,1.,0.));
#2950=DIRECTION('',(0.,0.,1.));
#2951=DIRECTION('',(0.,0.,1.));
#2952=DIRECTION('',(-1.,0.,0.));
#2953=DIRECTION('',(0.,0.,1.));
#2954=DIRECTION('',(0.,0.,1.));
#2955=DIRECTION('',(0.,1.,0.));
#2956=DIRECTION('',(0.,0.,1.));
#2957=DIRECTION('',(0.453990499739547,-6.0085134830904E-24,-0.891006524188368));
#2958=DIRECTION('',(-1.32348881453191E-23,-1.,7.07181127429798E-40));
#2959=DIRECTION('',(0.642787609686539,0.,-0.766044443118979));
#2960=DIRECTION('',(0.,1.,0.));
#2961=DIRECTION('',(0.608120402411343,0.608120402411343,0.510273605374736));
#2962=DIRECTION('',(-0.608120402411344,0.608120402411342,-0.510273605374737));
#2963=DIRECTION('',(0.,0.64278760968654,0.766044443118977));
#2964=DIRECTION('',(1.,0.,0.));
#2965=DIRECTION('',(-0.608120402411343,-0.608120402411343,0.510273605374738));
#2966=DIRECTION('',(0.,0.642787609686539,-0.766044443118979));
#2967=DIRECTION('',(-1.,0.,0.));
#2968=DIRECTION('',(-0.608120402411342,0.608120402411344,0.510273605374737));
#2969=DIRECTION('',(0.64278760968654,0.,0.766044443118977));
#2970=DIRECTION('',(0.,-1.,0.));
#2971=DIRECTION('',(0.64278760968654,7.43372504393505E-17,-0.766044443118978));
#2972=DIRECTION('',(-1.15648231731787E-16,1.,0.));
#2973=DIRECTION('',(0.608120402411343,0.608120402411343,0.510273605374737));
#2974=DIRECTION('',(-0.608120402411343,0.608120402411343,-0.510273605374737));
#2975=DIRECTION('',(0.,0.64278760968654,0.766044443118978));
#2976=DIRECTION('',(1.,0.,0.));
#2977=DIRECTION('',(-0.608120402411343,-0.608120402411343,0.510273605374737));
#2978=DIRECTION('',(0.,0.64278760968654,-0.766044443118978));
#2979=DIRECTION('',(-1.,0.,0.));
#2980=DIRECTION('',(-0.608120402411343,0.608120402411343,0.510273605374737));
#2981=DIRECTION('',(0.64278760968654,8.36294067442693E-17,0.766044443118978));
#2982=DIRECTION('',(1.3010426069826E-16,-1.,0.));
#2983=DIRECTION('',(-0.642787609686539,1.74948557841217E-33,-0.766044443118978));
#2984=DIRECTION('',(2.72171639908448E-33,1.,0.));
#2985=DIRECTION('',(-0.608120402411343,0.608120402411343,0.510273605374737));
#2986=DIRECTION('',(0.608120402411343,0.608120402411343,-0.510273605374737));
#2987=DIRECTION('',(1.61083929523472E-16,-0.64278760968654,-0.766044443118978));
#2988=DIRECTION('',(-1.,-2.50602107283969E-16,0.));
#2989=DIRECTION('',(0.608120402411343,-0.608120402411343,0.510273605374737));
#2990=DIRECTION('',(1.43185715131975E-16,-0.64278760968654,0.766044443118978));
#2991=DIRECTION('',(1.,2.22757428696862E-16,0.));
#2992=DIRECTION('',(0.608120402411343,0.608120402411343,0.510273605374737));
#2993=DIRECTION('',(-0.642787609686539,-6.5859059977329E-17,0.766044443118978));
#2994=DIRECTION('',(1.0245850882136E-16,-1.,0.));
#2995=DIRECTION('',(0.,0.,1.));
#2996=DIRECTION('',(1.,0.,0.));
#2997=DIRECTION('',(0.,0.,1.));
#2998=DIRECTION('',(1.,0.,0.));
#2999=DIRECTION('',(0.,0.,1.));
#3000=DIRECTION('',(1.,0.,0.));
#3001=DIRECTION('',(0.,0.,1.));
#3002=DIRECTION('',(1.,0.,0.));
#3003=DIRECTION('',(-0.707106781186548,-1.96261557335471E-13,-0.707106781186548));
#3004=DIRECTION('',(-0.707106781186548,0.,0.707106781186548));
#3005=DIRECTION('',(-0.70710678118655,-3.06658683336685E-16,-0.707106781186545));
#3006=DIRECTION('',(4.33680868994215E-16,-1.,0.));
#3007=DIRECTION('',(-0.707106781186545,0.,0.707106781186551));
#3008=DIRECTION('',(-0.707106781186551,0.,0.707106781186545));
#3009=DIRECTION('',(0.,1.,0.));
#3010=DIRECTION('',(-0.707106781186545,0.,-0.707106781186551));
#3011=DIRECTION('',(0.,0.,1.));
#3012=DIRECTION('',(1.,0.,0.));
#3013=DIRECTION('',(0.,0.,1.));
#3014=DIRECTION('',(1.,0.,0.));
#3015=DIRECTION('',(-0.707106781186549,1.2266347333467E-13,0.707106781186546));
#3016=DIRECTION('',(-0.707106781186549,0.,-0.707106781186546));
#3017=DIRECTION('',(-0.707106781186542,-3.06658683336682E-16,0.707106781186553));
#3018=DIRECTION('',(-4.33680868994215E-16,1.,0.));
#3019=DIRECTION('',(-0.707106781186554,-1.71728862668537E-13,-0.707106781186541));
#3020=DIRECTION('',(-0.707106781186541,-3.06658683336672E-16,-0.707106781186554));
#3021=DIRECTION('',(4.33680868994202E-16,-1.,0.));
#3022=DIRECTION('',(-0.707106781186554,-6.13317366673348E-15,0.707106781186541));
#3023=DIRECTION('',(0.,0.,1.));
#3024=DIRECTION('',(1.,0.,0.));
#3025=DIRECTION('',(0.,0.,1.));
#3026=DIRECTION('',(1.,0.,0.));
#3027=DIRECTION('',(-0.707106781186548,-7.35980840008018E-14,-0.707106781186548));
#3028=DIRECTION('',(-0.707106781186548,0.,0.707106781186548));
#3029=DIRECTION('',(-0.707106781186541,-2.29994012502513E-16,-0.707106781186554));
#3030=DIRECTION('',(3.25260651745664E-16,-1.,0.));
#3031=DIRECTION('',(-0.707106781186554,-1.04263952334468E-13,0.707106781186541));
#3032=DIRECTION('',(-0.707106781186545,-3.06658683336674E-16,0.70710678118655));
#3033=DIRECTION('',(-4.33680868994202E-16,1.,0.));
#3034=DIRECTION('',(-0.707106781186551,3.06658683336673E-13,-0.707106781186545));
#3035=DIRECTION('',(0.,0.,1.));
#3036=DIRECTION('',(1.,0.,0.));
#3037=DIRECTION('',(0.,0.,1.));
#3038=DIRECTION('',(1.,0.,0.));
#3039=DIRECTION('',(-0.707106781186547,-1.10397126001203E-13,0.707106781186549));
#3040=DIRECTION('',(-0.707106781186547,0.,-0.707106781186548));
#3041=DIRECTION('',(-0.707106781186547,7.66646708341731E-17,0.707106781186548));
#3042=DIRECTION('',(1.08420217248557E-16,1.,0.));
#3043=DIRECTION('',(-0.707106781186548,-1.2266347333467E-14,-0.707106781186548));
#3044=DIRECTION('',(-0.707106781186549,-2.68326347919591E-16,-0.707106781186547));
#3045=DIRECTION('',(3.79470760369927E-16,-1.,0.));
#3046=DIRECTION('',(-0.707106781186547,-1.2266347333467E-14,0.707106781186549));
#3047=DIRECTION('',(0.,0.,1.));
#3048=DIRECTION('',(1.,0.,0.));
#3049=DIRECTION('',(0.,0.,1.));
#3050=DIRECTION('',(1.,0.,0.));
#3051=DIRECTION('',(-0.707106781186547,0.,-0.707106781186548));
#3052=DIRECTION('',(-0.707106781186547,0.,0.707106781186548));
#3053=DIRECTION('',(-0.707106781186542,-2.68326347919601E-16,-0.707106781186553));
#3054=DIRECTION('',(3.79470760369944E-16,-1.,0.));
#3055=DIRECTION('',(-0.707106781186553,-1.22663473334669E-14,0.707106781186543));
#3056=DIRECTION('',(-0.707106781186553,-2.58743264065322E-16,0.707106781186542));
#3057=DIRECTION('',(-3.65918233213857E-16,1.,0.));
#3058=DIRECTION('',(-0.707106781186542,6.74649103340688E-14,-0.707106781186553));
#3059=DIRECTION('',(0.,0.,1.));
#3060=DIRECTION('',(1.,0.,0.));
#3061=DIRECTION('',(0.,0.,1.));
#3062=DIRECTION('',(1.,0.,0.));
#3063=DIRECTION('',(-0.707106781186549,4.90653893338682E-14,0.707106781186546));
#3064=DIRECTION('',(-0.707106781186549,0.,-0.707106781186546));
#3065=DIRECTION('',(-0.707106781186539,-7.66646708341721E-17,0.707106781186557));
#3066=DIRECTION('',(-1.08420217248557E-16,1.,0.));
#3067=DIRECTION('',(-0.707106781186557,-3.06658683336673E-13,-0.707106781186538));
#3068=DIRECTION('',(-0.707106781186553,-1.53329341668338E-16,-0.707106781186542));
#3069=DIRECTION('',(2.16840434497101E-16,-1.,0.));
#3070=DIRECTION('',(-0.707106781186542,-3.0665868333668E-14,0.707106781186554));
#3071=DIRECTION('',(0.,0.,1.));
#3072=DIRECTION('',(1.,0.,0.));
#3073=CARTESIAN_POINT('',(0.,0.,0.));
#3074=CARTESIAN_POINT('',(-0.0404095576260282,0.0283539282252341,0.0109500000149012));
#3075=CARTESIAN_POINT('',(-0.0144595576260281,0.059103928225234,0.0109500000149012));
#3076=CARTESIAN_POINT('',(-0.0144595576260281,0.059653928225234,0.0109500000149012));
#3077=CARTESIAN_POINT('',(-0.0144595576260281,0.058553928225234,0.0109500000149012));
#3078=CARTESIAN_POINT('',(-0.0151095576260282,0.059653928225234,0.0109500000149012));
#3079=CARTESIAN_POINT('',(-0.0157595576260281,0.059653928225234,0.0109500000149012));
#3080=CARTESIAN_POINT('',(-0.0157595576260281,0.059103928225234,0.0109500000149012));
#3081=CARTESIAN_POINT('',(-0.0157595576260281,0.058553928225234,0.0109500000149012));
#3082=CARTESIAN_POINT('',(-0.0151095576260282,0.058553928225234,0.0109500000149012));
#3083=CARTESIAN_POINT('',(-0.0832595576260281,-0.010396071774766,0.0109500000149012));
#3084=CARTESIAN_POINT('',(-0.0824345576260281,-0.010396071774766,0.0109500000149012));
#3085=CARTESIAN_POINT('',(0.0237404423739719,0.067103928225234,0.0109500000149012));
#3086=CARTESIAN_POINT('',(0.0245654423739718,0.067103928225234,0.0109500000149012));
#3087=CARTESIAN_POINT('',(0.0237404423739719,-0.010396071774766,0.0109500000149012));
#3088=CARTESIAN_POINT('',(0.0245654423739718,-0.010396071774766,0.0109500000149012));
#3089=CARTESIAN_POINT('',(-0.0832595576260281,0.067103928225234,0.0109500000149012));
#3090=CARTESIAN_POINT('',(-0.0824345576260281,0.067103928225234,0.0109500000149012));
#3091=CARTESIAN_POINT('',(-0.0641805576260281,0.054054928225234,0.0109500000149012));
#3092=CARTESIAN_POINT('',(-0.0609305576260281,0.054054928225234,0.0109500000149012));
#3093=CARTESIAN_POINT('',(-0.0318155576260282,0.054054928225234,0.0109500000149012));
#3094=CARTESIAN_POINT('',(-0.0285655576260282,0.054054928225234,0.0109500000149012));
#3095=CARTESIAN_POINT('',(-0.0475805576260281,0.054054928225234,0.0109500000149012));
#3096=CARTESIAN_POINT('',(-0.0443305576260281,0.054054928225234,0.0109500000149012));
#3097=CARTESIAN_POINT('',(0.00914044237397199,0.00929392822523422,0.0109500000149012));
#3098=CARTESIAN_POINT('',(0.00991044237397199,0.00929392822523422,0.0109500000149012));
#3099=CARTESIAN_POINT('',(0.00837044237397256,0.00929392822523422,0.0109500000149012));
#3100=CARTESIAN_POINT('',(0.00991044237397194,0.0283539282252341,0.0109500000149012));
#3101=CARTESIAN_POINT('',(0.00991044237397194,0.0172939282252342,0.0109500000149012));
#3102=CARTESIAN_POINT('',(0.00914044237397134,0.017293928225234,0.0109500000149012));
#3103=CARTESIAN_POINT('',(0.00837044237397256,0.0172939282252342,0.0109500000149012));
#3104=CARTESIAN_POINT('',(0.00837044237397255,0.0283539282252341,0.0109500000149012));
#3105=CARTESIAN_POINT('',(0.000750442373971927,0.0283539282252341,0.0109500000149012));
#3106=CARTESIAN_POINT('',(0.000750442373971934,0.00929392822523416,0.0109500000149012));
#3107=CARTESIAN_POINT('',(0.000750442373971932,0.0172939282252339,0.0109500000149012));
#3108=CARTESIAN_POINT('',(0.00152044237397198,0.00929392822523417,0.0109500000149012));
#3109=CARTESIAN_POINT('',(0.00229044237397198,0.00929392822523418,0.0109500000149012));
#3110=CARTESIAN_POINT('',(0.0022904423739727,0.028353928225234,0.0109500000149012));
#3111=CARTESIAN_POINT('',(0.00229044237397271,0.0172939282252339,0.0109500000149012));
#3112=CARTESIAN_POINT('',(0.00152044237397259,0.017293928225234,0.0109500000149012));
#3113=CARTESIAN_POINT('',(0.00483044237397198,0.0283539282252341,0.0109500000149012));
#3114=CARTESIAN_POINT('',(0.00483044237397199,0.00929392822523386,0.0109500000149012));
#3115=CARTESIAN_POINT('',(0.00483044237397198,0.0172939282252341,0.0109500000149012));
#3116=CARTESIAN_POINT('',(0.00406044237397134,0.0172939282252341,0.0109500000149012));
#3117=CARTESIAN_POINT('',(0.00329044237397133,0.0172939282252341,0.0109500000149012));
#3118=CARTESIAN_POINT('',(0.00329044237397258,0.0283539282252341,0.0109500000149012));
#3119=CARTESIAN_POINT('',(0.00329044237397198,0.00929392822523408,0.0109500000149012));
#3120=CARTESIAN_POINT('',(0.00406044237397198,0.0092939282252342,0.0109500000149012));
#3121=CARTESIAN_POINT('',(0.0216625423739718,0.0283539282252341,0.0109500000149012));
#3122=CARTESIAN_POINT('',(0.0216625423739718,0.038103928225234,0.0109500000149012));
#3123=CARTESIAN_POINT('',(0.0216625423739718,0.0397784725835477,0.0109500000149012));
#3124=CARTESIAN_POINT('',(0.00466254237397186,0.0397784725835477,0.0109500000149012));
#3125=CARTESIAN_POINT('',(0.0269904423739719,0.0397784725835477,0.0109500000149012));
#3126=CARTESIAN_POINT('',(0.0269904423739719,0.0282539282252341,0.0109500000149012));
#3127=CARTESIAN_POINT('',(0.0269904423739718,-0.013646071774766,0.0109500000149012));
#3128=CARTESIAN_POINT('',(-0.0404095576260282,-0.013646071774766,0.0109500000149012));
#3129=CARTESIAN_POINT('',(-0.0865095576260281,-0.013646071774766,0.0109500000149012));
#3130=CARTESIAN_POINT('',(-0.0865095576260281,0.0283539282252341,0.0109500000149012));
#3131=CARTESIAN_POINT('',(-0.0865095576260281,0.070153928225234,0.0109500000149012));
#3132=CARTESIAN_POINT('',(-0.0404095576260281,0.070153928225234,0.0109500000149012));
#3133=CARTESIAN_POINT('',(0.0269904423739719,0.070153928225234,0.0109500000149012));
#3134=CARTESIAN_POINT('',(0.0269904423739719,0.0282539282252341,0.0109500000149012));
#3135=CARTESIAN_POINT('',(0.0269904423739719,0.0554293838669203,0.0109500000149012));
#3136=CARTESIAN_POINT('',(0.00466254237397186,0.0554293838669203,0.0109500000149012));
#3137=CARTESIAN_POINT('',(0.0216625423739718,0.0554293838669203,0.0109500000149012));
#3138=CARTESIAN_POINT('',(0.0216625423739718,0.0283539282252341,0.0109500000149012));
#3139=CARTESIAN_POINT('',(0.0216625423739718,0.057103928225234,0.0109500000149012));
#3140=CARTESIAN_POINT('',(-0.0404095576260282,0.057103928225234,0.0109500000149012));
#3141=CARTESIAN_POINT('',(-0.00601355762602814,0.057103928225234,0.0109500000149012));
#3142=CARTESIAN_POINT('',(-0.00601355762602813,0.0283539282252341,0.0109500000149012));
#3143=CARTESIAN_POINT('',(-0.00601355762602813,0.038103928225234,0.0109500000149012));
#3144=CARTESIAN_POINT('',(-0.0404095576260282,0.038103928225234,0.0109500000149012));
#3145=CARTESIAN_POINT('',(-0.00355955762602813,0.017293928225234,0.0109500000149012));
#3146=CARTESIAN_POINT('',(-0.00432955762602813,0.0172939282252341,0.0109500000149012));
#3147=CARTESIAN_POINT('',(-0.00278955762602811,0.0172939282252339,0.0109500000149012));
#3148=CARTESIAN_POINT('',(-0.00432955762602823,0.0283539282252341,0.0109500000149012));
#3149=CARTESIAN_POINT('',(-0.00432955762602803,0.00929392822523403,0.0109500000149012));
#3150=CARTESIAN_POINT('',(-0.00355955762602803,0.00929392822523407,0.0109500000149012));
#3151=CARTESIAN_POINT('',(-0.00278955762602803,0.0092939282252344,0.0109500000149012));
#3152=CARTESIAN_POINT('',(-0.00278955762602811,0.0283539282252341,0.0109500000149012));
#3153=CARTESIAN_POINT('',(0.0100904423739719,0.0283539282252341,0.0109500000149012));
#3154=CARTESIAN_POINT('',(0.0100904423739719,0.0304039282252341,0.0109500000149012));
#3155=CARTESIAN_POINT('',(0.0100904423739719,0.0229039282252341,0.0109500000149012));
#3156=CARTESIAN_POINT('',(-0.0404095576260282,0.0229039282252341,0.0109500000149012));
#3157=CARTESIAN_POINT('',(0.0175904423739719,0.0229039282252341,0.0109500000149012));
#3158=CARTESIAN_POINT('',(0.0175904423739719,0.0283539282252341,0.0109500000149012));
#3159=CARTESIAN_POINT('',(0.0175904423739719,0.0304039282252341,0.0109500000149012));
#3160=CARTESIAN_POINT('',(-0.0404095576260282,0.0304039282252341,0.0109500000149012));
#3161=CARTESIAN_POINT('',(-0.000659557626028123,0.0283539282252341,0.0109500000149012));
#3162=CARTESIAN_POINT('',(-0.000659557626028127,0.0304039282252341,0.0109500000149012));
#3163=CARTESIAN_POINT('',(-0.000659557626028123,0.0229039282252341,0.0109500000149012));
#3164=CARTESIAN_POINT('',(-0.0404095576260282,0.0229039282252341,0.0109500000149012));
#3165=CARTESIAN_POINT('',(0.00684044237397187,0.0229039282252341,0.0109500000149012));
#3166=CARTESIAN_POINT('',(0.00684044237397187,0.0283539282252341,0.0109500000149012));
#3167=CARTESIAN_POINT('',(0.00684044237397187,0.0304039282252341,0.0109500000149012));
#3168=CARTESIAN_POINT('',(-0.0404095576260282,0.0304039282252341,0.0109500000149012));
#3169=CARTESIAN_POINT('',(-0.000249557626027998,0.0283539282252341,0.0109500000149012));
#3170=CARTESIAN_POINT('',(-0.00024955762602799,0.00929392822523404,0.0109500000149012));
#3171=CARTESIAN_POINT('',(-0.000249557626027994,0.0172939282252341,0.0109500000149012));
#3172=CARTESIAN_POINT('',(-0.00101955762602813,0.0172939282252341,0.0109500000149012));
#3173=CARTESIAN_POINT('',(-0.00178955762602813,0.0172939282252341,0.0109500000149012));
#3174=CARTESIAN_POINT('',(-0.00178955762602812,0.0283539282252341,0.0109500000149012));
#3175=CARTESIAN_POINT('',(-0.00178955762602803,0.00929392822523411,0.0109500000149012));
#3176=CARTESIAN_POINT('',(-0.00101955762602802,0.00929392822523412,0.0109500000149012));
#3177=CARTESIAN_POINT('',(-0.0103995576260281,0.0283539282252341,0.0109500000149012));
#3178=CARTESIAN_POINT('',(-0.0103995576260281,0.00564195822523405,0.0109500000149012));
#3179=CARTESIAN_POINT('',(-0.0103995576260281,0.0395039282252341,0.0109500000149012));
#3180=CARTESIAN_POINT('',(-0.0404095576260282,0.0395039282252341,0.0109500000149012));
#3181=CARTESIAN_POINT('',(-0.0726995576260281,0.0395039282252341,0.0109500000149012));
#3182=CARTESIAN_POINT('',(-0.0726995576260281,0.0283539282252341,0.0109500000149012));
#3183=CARTESIAN_POINT('',(-0.0726995576260281,0.00564195822523403,0.0109500000149012));
#3184=CARTESIAN_POINT('',(-0.0404095576260282,0.00564195822523404,0.0109500000149012));
#3185=CARTESIAN_POINT('',(0.00583044237397191,0.0283539282252341,0.0109500000149012));
#3186=CARTESIAN_POINT('',(0.00583044237397192,0.00929392822523421,0.0109500000149012));
#3187=CARTESIAN_POINT('',(0.0058304423739725,0.0172939282252341,0.0109500000149012));
#3188=CARTESIAN_POINT('',(0.00660044237397198,0.00929392822523421,0.0109500000149012));
#3189=CARTESIAN_POINT('',(0.00737044237397129,0.0092939282252344,0.0109500000149012));
#3190=CARTESIAN_POINT('',(0.00737044237397128,0.0283539282252341,0.0109500000149012));
#3191=CARTESIAN_POINT('',(0.0073704423739725,0.0172939282252341,0.0109500000149012));
#3192=CARTESIAN_POINT('',(0.0066004423739725,0.017293928225234,0.0109500000149012));
#3193=CARTESIAN_POINT('',(-0.0202095576260281,0.059103928225234,0.0109500000149012));
#3194=CARTESIAN_POINT('',(-0.0202095576260281,0.059653928225234,0.0109500000149012));
#3195=CARTESIAN_POINT('',(-0.0202095576260281,0.058553928225234,0.0109500000149012));
#3196=CARTESIAN_POINT('',(-0.0208595576260282,0.059653928225234,0.0109500000149012));
#3197=CARTESIAN_POINT('',(-0.0215095576260281,0.059653928225234,0.0109500000149012));
#3198=CARTESIAN_POINT('',(-0.0215095576260281,0.059103928225234,0.0109500000149012));
#3199=CARTESIAN_POINT('',(-0.0215095576260281,0.058553928225234,0.0109500000149012));
#3200=CARTESIAN_POINT('',(-0.0208595576260282,0.058553928225234,0.0109500000149012));
#3201=CARTESIAN_POINT('',(-0.0404095576260282,0.0283539282252341,0.0139500000149012));
#3202=CARTESIAN_POINT('',(0.0101104423739719,0.00929392822523422,0.0139500000149012));
#3203=CARTESIAN_POINT('',(0.0101104423739719,0.0172939282252343,0.0139500000149012));
#3204=CARTESIAN_POINT('',(0.0101104423739719,0.00929392822523422,0.0139500000149012));
#3205=CARTESIAN_POINT('',(0.00914044237397199,0.00929392822523422,0.0139500000149012));
#3206=CARTESIAN_POINT('',(0.00817044237397256,0.00929392822523422,0.0139500000149012));
#3207=CARTESIAN_POINT('',(0.00817044237397255,0.0283539282252341,0.0139500000149012));
#3208=CARTESIAN_POINT('',(0.00817044237397134,0.0172939282252342,0.0139500000149012));
#3209=CARTESIAN_POINT('',(0.00914044237397134,0.017293928225234,0.0139500000149012));
#3210=CARTESIAN_POINT('',(0.00757044237397129,0.0092939282252344,0.0139500000149012));
#3211=CARTESIAN_POINT('',(0.0075704423739725,0.0172939282252341,0.0139500000149012));
#3212=CARTESIAN_POINT('',(0.00757044237397129,0.00929392822523445,0.0139500000149012));
#3213=CARTESIAN_POINT('',(0.00660044237397198,0.00929392822523421,0.0139500000149012));
#3214=CARTESIAN_POINT('',(0.00563044237397191,0.00929392822523421,0.0139500000149012));
#3215=CARTESIAN_POINT('',(0.0056304423739719,0.0283539282252341,0.0139500000149012));
#3216=CARTESIAN_POINT('',(0.00563044237397191,0.0172939282252342,0.0139500000149012));
#3217=CARTESIAN_POINT('',(0.0066004423739725,0.017293928225234,0.0139500000149012));
#3218=CARTESIAN_POINT('',(0.00503044237397199,0.00929392822523387,0.0139500000149012));
#3219=CARTESIAN_POINT('',(0.00503044237397199,0.0172939282252342,0.0139500000149012));
#3220=CARTESIAN_POINT('',(0.00503044237397199,0.00929392822523378,0.0139500000149012));
#3221=CARTESIAN_POINT('',(0.00406044237397198,0.0092939282252342,0.0139500000149012));
#3222=CARTESIAN_POINT('',(0.00309044237397259,0.00929392822523406,0.0139500000149012));
#3223=CARTESIAN_POINT('',(0.00309044237397258,0.0283539282252341,0.0139500000149012));
#3224=CARTESIAN_POINT('',(0.00309044237397133,0.0172939282252341,0.0139500000149012));
#3225=CARTESIAN_POINT('',(0.00406044237397134,0.0172939282252341,0.0139500000149012));
#3226=CARTESIAN_POINT('',(0.00249044237397271,0.00929392822523418,0.0139500000149012));
#3227=CARTESIAN_POINT('',(0.00249044237397259,0.0172939282252339,0.0139500000149012));
#3228=CARTESIAN_POINT('',(0.00249044237397271,0.00929392822523418,0.0139500000149012));
#3229=CARTESIAN_POINT('',(0.00152044237397198,0.00929392822523417,0.0139500000149012));
#3230=CARTESIAN_POINT('',(0.000550442373971935,0.00929392822523415,0.0139500000149012));
#3231=CARTESIAN_POINT('',(0.000550442373971928,0.0283539282252341,0.0139500000149012));
#3232=CARTESIAN_POINT('',(0.000550442373971932,0.0172939282252339,0.0139500000149012));
#3233=CARTESIAN_POINT('',(0.00152044237397259,0.017293928225234,0.0139500000149012));
#3234=CARTESIAN_POINT('',(-4.9557626027992E-5,0.00929392822523405,0.0139500000149012));
#3235=CARTESIAN_POINT('',(-4.95576260279949E-5,0.0172939282252341,0.0139500000149012));
#3236=CARTESIAN_POINT('',(-4.9557626027992E-5,0.00929392822523403,0.0139500000149012));
#3237=CARTESIAN_POINT('',(-0.00101955762602802,0.00929392822523412,0.0139500000149012));
#3238=CARTESIAN_POINT('',(-0.00198955762602812,0.0092939282252341,0.0139500000149012));
#3239=CARTESIAN_POINT('',(-0.00198955762602812,0.0283539282252341,0.0139500000149012));
#3240=CARTESIAN_POINT('',(-0.00198955762602813,0.0172939282252341,0.0139500000149012));
#3241=CARTESIAN_POINT('',(-0.00101955762602813,0.0172939282252341,0.0139500000149012));
#3242=CARTESIAN_POINT('',(-0.00258955762602811,0.0092939282252344,0.0139500000149012));
#3243=CARTESIAN_POINT('',(-0.00258955762602813,0.0172939282252339,0.0139500000149012));
#3244=CARTESIAN_POINT('',(-0.00258955762602811,0.00929392822523449,0.0139500000149012));
#3245=CARTESIAN_POINT('',(-0.00355955762602803,0.00929392822523407,0.0139500000149012));
#3246=CARTESIAN_POINT('',(-0.00452955762602823,0.00929392822523403,0.0139500000149012));
#3247=CARTESIAN_POINT('',(-0.00452955762602823,0.0283539282252341,0.0139500000149012));
#3248=CARTESIAN_POINT('',(-0.00452955762602823,0.0172939282252341,0.0139500000149012));
#3249=CARTESIAN_POINT('',(-0.00355955762602813,0.017293928225234,0.0139500000149012));
#3250=CARTESIAN_POINT('',(0.0100904423739719,0.0220039282252341,0.0139500000149012));
#3251=CARTESIAN_POINT('',(0.0184904423739719,0.0220039282252341,0.0139500000149012));
#3252=CARTESIAN_POINT('',(0.00919044237397188,0.0220039282252341,0.0139500000149012));
#3253=CARTESIAN_POINT('',(0.00919044237397188,0.0304039282252341,0.0139500000149012));
#3254=CARTESIAN_POINT('',(0.00919044237397188,0.031303928225234,0.0139500000149012));
#3255=CARTESIAN_POINT('',(-0.0404095576260282,0.031303928225234,0.0139500000149012));
#3256=CARTESIAN_POINT('',(0.0184904423739719,0.031303928225234,0.0139500000149012));
#3257=CARTESIAN_POINT('',(0.0184904423739719,0.0283539282252341,0.0139500000149012));
#3258=CARTESIAN_POINT('',(-0.000659557626028126,0.0220039282252341,0.0139500000149012));
#3259=CARTESIAN_POINT('',(0.00774044237397188,0.0220039282252341,0.0139500000149012));
#3260=CARTESIAN_POINT('',(-0.00155955762602813,0.0220039282252341,0.0139500000149012));
#3261=CARTESIAN_POINT('',(-0.00155955762602813,0.0304039282252341,0.0139500000149012));
#3262=CARTESIAN_POINT('',(-0.00155955762602813,0.031303928225234,0.0139500000149012));
#3263=CARTESIAN_POINT('',(-0.0404095576260282,0.031303928225234,0.0139500000149012));
#3264=CARTESIAN_POINT('',(0.00774044237397187,0.031303928225234,0.0139500000149012));
#3265=CARTESIAN_POINT('',(0.00774044237397187,0.0283539282252341,0.0139500000149012));
#3266=CARTESIAN_POINT('',(-0.0103995576260281,0.0404039282252341,0.0139500000149012));
#3267=CARTESIAN_POINT('',(-0.0735995576260281,0.0404039282252341,0.0139500000149012));
#3268=CARTESIAN_POINT('',(-0.00949955762602813,0.0404039282252341,0.0139500000149012));
#3269=CARTESIAN_POINT('',(-0.00949955762602813,0.00564195822523405,0.0139500000149012));
#3270=CARTESIAN_POINT('',(-0.00949955762602813,0.00474195822523405,0.0139500000149012));
#3271=CARTESIAN_POINT('',(-0.0404095576260282,0.00474195822523404,0.0139500000149012));
#3272=CARTESIAN_POINT('',(-0.0735995576260281,0.00474195822523403,0.0139500000149012));
#3273=CARTESIAN_POINT('',(-0.0735995576260281,0.0283539282252341,0.0139500000149012));
#3274=CARTESIAN_POINT('',(-0.0318155576260282,0.054054928225234,0.0139500000149012));
#3275=CARTESIAN_POINT('',(-0.0276655576260282,0.054054928225234,0.0139500000149012));
#3276=CARTESIAN_POINT('',(-0.0475805576260281,0.054054928225234,0.0139500000149012));
#3277=CARTESIAN_POINT('',(-0.0434305576260281,0.054054928225234,0.0139500000149012));
#3278=CARTESIAN_POINT('',(-0.0641805576260281,0.054054928225234,0.0139500000149012));
#3279=CARTESIAN_POINT('',(-0.0600305576260281,0.054054928225234,0.0139500000149012));
#3280=CARTESIAN_POINT('',(0.0237404423739719,0.067103928225234,0.0139500000149012));
#3281=CARTESIAN_POINT('',(0.0259404423739719,0.067103928225234,0.0139500000149012));
#3282=CARTESIAN_POINT('',(-0.0832595576260281,0.067103928225234,0.0139500000149012));
#3283=CARTESIAN_POINT('',(-0.0810595576260281,0.067103928225234,0.0139500000149012));
#3284=CARTESIAN_POINT('',(-0.0832595576260281,-0.010396071774766,0.0139500000149012));
#3285=CARTESIAN_POINT('',(-0.0810595576260281,-0.010396071774766,0.0139500000149012));
#3286=CARTESIAN_POINT('',(0.0237404423739719,-0.010396071774766,0.0139500000149012));
#3287=CARTESIAN_POINT('',(0.0259404423739719,-0.010396071774766,0.0139500000149012));
#3288=CARTESIAN_POINT('',(0.00466254237397186,0.0397166120784068,0.0139500000149012));
#3289=CARTESIAN_POINT('',(0.0269625423739718,0.0397166120784068,0.0139500000149012));
#3290=CARTESIAN_POINT('',(0.0269904423739719,0.0397166120784068,0.0139500000149012));
#3291=CARTESIAN_POINT('',(0.0269625423739718,0.0283539282252341,0.0139500000149012));
#3292=CARTESIAN_POINT('',(0.0269625423739718,0.0318882776558407,0.0139500000149012));
#3293=CARTESIAN_POINT('',(-0.0404095576260282,0.0318882776558407,0.0139500000149012));
#3294=CARTESIAN_POINT('',(-0.00943225952045379,0.0318882776558407,0.0139500000149012));
#3295=CARTESIAN_POINT('',(-0.00943225952045379,0.0283539282252341,0.0139500000149012));
#3296=CARTESIAN_POINT('',(-0.00943225952045379,0.0633195787946273,0.0139500000149012));
#3297=CARTESIAN_POINT('',(-0.0404095576260282,0.0633195787946273,0.0139500000149012));
#3298=CARTESIAN_POINT('',(0.0269625423739718,0.0633195787946273,0.0139500000149012));
#3299=CARTESIAN_POINT('',(0.0269625423739718,0.0283539282252341,0.0139500000149012));
#3300=CARTESIAN_POINT('',(0.0269625423739718,0.0554912443720611,0.0139500000149012));
#3301=CARTESIAN_POINT('',(0.00466254237397186,0.0554912443720611,0.0139500000149012));
#3302=CARTESIAN_POINT('',(0.0269904423739719,0.0554912443720611,0.0139500000149012));
#3303=CARTESIAN_POINT('',(0.0269904423739719,0.0282539282252341,0.0139500000149012));
#3304=CARTESIAN_POINT('',(0.0269904423739719,0.070153928225234,0.0139500000149012));
#3305=CARTESIAN_POINT('',(-0.0404095576260281,0.070153928225234,0.0139500000149012));
#3306=CARTESIAN_POINT('',(-0.0865095576260281,0.070153928225234,0.0139500000149012));
#3307=CARTESIAN_POINT('',(-0.0865095576260281,0.0283539282252341,0.0139500000149012));
#3308=CARTESIAN_POINT('',(-0.0865095576260281,-0.013646071774766,0.0139500000149012));
#3309=CARTESIAN_POINT('',(-0.0404095576260282,-0.013646071774766,0.0139500000149012));
#3310=CARTESIAN_POINT('',(0.0269904423739718,-0.013646071774766,0.0139500000149012));
#3311=CARTESIAN_POINT('',(0.0269904423739719,0.0282539282252341,0.0139500000149012));
#3312=CARTESIAN_POINT('',(-0.0151095576260282,0.059653928225234,0.0139500000149012));
#3313=CARTESIAN_POINT('',(-0.0144595576260281,0.059653928225234,0.0139500000149012));
#3314=CARTESIAN_POINT('',(-0.0157595576260281,0.059653928225234,0.0139500000149012));
#3315=CARTESIAN_POINT('',(-0.0144595576260281,0.059103928225234,0.0139500000149012));
#3316=CARTESIAN_POINT('',(-0.0144595576260281,0.058553928225234,0.0139500000149012));
#3317=CARTESIAN_POINT('',(-0.0151095576260282,0.058553928225234,0.0139500000149012));
#3318=CARTESIAN_POINT('',(-0.0157595576260281,0.058553928225234,0.0139500000149012));
#3319=CARTESIAN_POINT('',(-0.0157595576260281,0.059103928225234,0.0139500000149012));
#3320=CARTESIAN_POINT('',(-0.0208595576260282,0.059653928225234,0.0139500000149012));
#3321=CARTESIAN_POINT('',(-0.0202095576260281,0.059653928225234,0.0139500000149012));
#3322=CARTESIAN_POINT('',(-0.0215095576260281,0.059653928225234,0.0139500000149012));
#3323=CARTESIAN_POINT('',(-0.0202095576260281,0.059103928225234,0.0139500000149012));
#3324=CARTESIAN_POINT('',(-0.0202095576260281,0.058553928225234,0.0139500000149012));
#3325=CARTESIAN_POINT('',(-0.0208595576260282,0.058553928225234,0.0139500000149012));
#3326=CARTESIAN_POINT('',(-0.0215095576260281,0.058553928225234,0.0139500000149012));
#3327=CARTESIAN_POINT('',(-0.0215095576260281,0.059103928225234,0.0139500000149012));
#3328=CARTESIAN_POINT('',(0.0269625423739718,0.047603928225234,0.0174664246422649));
#3329=CARTESIAN_POINT('',(0.0269625423739718,0.06108650808062,0.0178177919484559));
#3330=CARTESIAN_POINT('',(0.0269625423739718,0.0632770951291436,0.0140235838820106));
#3331=CARTESIAN_POINT('',(0.0269625423739718,0.047603928225234,0.0140235838820106));
#3332=CARTESIAN_POINT('',(0.0269625423739718,0.055478407953198,0.0140235838820106));
#3333=CARTESIAN_POINT('',(0.0269625423739718,0.047603928225234,0.0126120000149012));
#3334=CARTESIAN_POINT('',(0.0269904423739719,0.0282539282252341,0.0139500000149012));
#3335=CARTESIAN_POINT('',(0.0269904423739719,0.047603928225234,0.0126120000149012));
#3336=CARTESIAN_POINT('',(0.0269904423739718,-0.013646071774766,0.0139500000149012));
#3337=CARTESIAN_POINT('',(-0.0404095576260281,0.070153928225234,0.0139500000149012));
#3338=CARTESIAN_POINT('',(-0.0865095576260281,0.070153928225234,0.0139500000149012));
#3339=CARTESIAN_POINT('',(0.0269904423739719,0.070153928225234,0.0139500000149012));
#3340=CARTESIAN_POINT('',(-0.0865095576260281,0.0283539282252341,0.0139500000149012));
#3341=CARTESIAN_POINT('',(-0.0865095576260281,-0.013646071774766,0.0139500000149012));
#3342=CARTESIAN_POINT('',(-0.0404095576260282,-0.013646071774766,0.0139500000149012));
#3343=CARTESIAN_POINT('',(0.0269904423739719,0.0282539282252341,0.0139500000149012));
#3344=CARTESIAN_POINT('',(0.0269904423739719,0.047603928225234,0.0126120000149012));
#3345=CARTESIAN_POINT('',(-0.00278955762602811,0.0132939282252342,0.0169700000149012));
#3346=CARTESIAN_POINT('',(-0.00278955762602803,0.0092939282252344,0.0169700000149012));
#3347=CARTESIAN_POINT('',(-0.00278955762602803,0.0092939282252344,0.0137500000149012));
#3348=CARTESIAN_POINT('',(-0.00278955762602811,0.0172939282252339,0.0137500000149012));
#3349=CARTESIAN_POINT('',(-0.00278955762602811,0.0172939282252339,0.0137500000149012));
#3350=CARTESIAN_POINT('',(-0.00278955762602811,0.0172939282252339,0.0169700000149012));
#3351=CARTESIAN_POINT('',(-0.00355955762602803,0.00929392822523407,0.0169700000149012));
#3352=CARTESIAN_POINT('',(-0.00432955762602803,0.00929392822523403,0.0169700000149012));
#3353=CARTESIAN_POINT('',(-0.00432955762602803,0.00929392822523403,0.0137500000149012));
#3354=CARTESIAN_POINT('',(-0.00355955762602803,0.00929392822523407,0.0137500000149012));
#3355=CARTESIAN_POINT('',(-0.00432955762602823,0.013293928225234,0.0169700000149012));
#3356=CARTESIAN_POINT('',(-0.00432955762602813,0.0172939282252341,0.0169700000149012));
#3357=CARTESIAN_POINT('',(-0.00432955762602813,0.0172939282252341,0.0137500000149012));
#3358=CARTESIAN_POINT('',(-0.00432955762602823,0.013293928225234,0.0137500000149012));
#3359=CARTESIAN_POINT('',(-0.00355955762602813,0.017293928225234,0.0169700000149012));
#3360=CARTESIAN_POINT('',(-0.00355955762602813,0.017293928225234,0.0137500000149012));
#3361=CARTESIAN_POINT('',(0.00483044237397199,0.0132939282252339,0.0169700000149012));
#3362=CARTESIAN_POINT('',(0.00483044237397199,0.00929392822523386,0.0169700000149012));
#3363=CARTESIAN_POINT('',(0.00483044237397199,0.00929392822523386,0.0137500000149012));
#3364=CARTESIAN_POINT('',(0.00483044237397198,0.0172939282252341,0.0137500000149012));
#3365=CARTESIAN_POINT('',(0.00483044237397134,0.0172939282252341,0.0137500000149012));
#3366=CARTESIAN_POINT('',(0.00483044237397134,0.0172939282252341,0.0169700000149012));
#3367=CARTESIAN_POINT('',(0.00406044237397198,0.0092939282252342,0.0169700000149012));
#3368=CARTESIAN_POINT('',(0.00329044237397198,0.00929392822523408,0.0169700000149012));
#3369=CARTESIAN_POINT('',(0.00329044237397198,0.00929392822523408,0.0137500000149012));
#3370=CARTESIAN_POINT('',(0.00406044237397198,0.0092939282252342,0.0137500000149012));
#3371=CARTESIAN_POINT('',(0.00329044237397259,0.0132939282252342,0.0169700000149012));
#3372=CARTESIAN_POINT('',(0.00329044237397133,0.0172939282252341,0.0169700000149012));
#3373=CARTESIAN_POINT('',(0.00329044237397133,0.0172939282252341,0.0137500000149012));
#3374=CARTESIAN_POINT('',(0.00329044237397259,0.0132939282252342,0.0137500000149012));
#3375=CARTESIAN_POINT('',(0.00406044237397134,0.0172939282252341,0.0169700000149012));
#3376=CARTESIAN_POINT('',(0.00406044237397134,0.0172939282252341,0.0137500000149012));
#3377=CARTESIAN_POINT('',(0.000750442373971934,0.0132939282252339,0.0169700000149012));
#3378=CARTESIAN_POINT('',(0.000750442373971932,0.0172939282252339,0.0169700000149012));
#3379=CARTESIAN_POINT('',(0.000750442373971932,0.0172939282252339,0.0137500000149012));
#3380=CARTESIAN_POINT('',(0.000750442373971934,0.0132939282252339,0.0137500000149012));
#3381=CARTESIAN_POINT('',(0.000750442373971979,0.00929392822523416,0.0137500000149012));
#3382=CARTESIAN_POINT('',(0.000750442373971979,0.00929392822523416,0.0169700000149012));
#3383=CARTESIAN_POINT('',(0.00152044237397259,0.017293928225234,0.0169700000149012));
#3384=CARTESIAN_POINT('',(0.00229044237397271,0.0172939282252339,0.0169700000149012));
#3385=CARTESIAN_POINT('',(0.00229044237397271,0.0172939282252339,0.0137500000149012));
#3386=CARTESIAN_POINT('',(0.00152044237397259,0.017293928225234,0.0137500000149012));
#3387=CARTESIAN_POINT('',(0.0022904423739727,0.0132939282252342,0.0169700000149012));
#3388=CARTESIAN_POINT('',(0.00229044237397198,0.00929392822523418,0.0169700000149012));
#3389=CARTESIAN_POINT('',(0.00229044237397198,0.00929392822523418,0.0137500000149012));
#3390=CARTESIAN_POINT('',(0.00229044237397271,0.0172939282252339,0.0137500000149012));
#3391=CARTESIAN_POINT('',(0.00152044237397198,0.00929392822523417,0.0169700000149012));
#3392=CARTESIAN_POINT('',(0.00152044237397198,0.00929392822523417,0.0137500000149012));
#3393=CARTESIAN_POINT('',(0.00837044237397256,0.0132939282252343,0.0169700000149012));
#3394=CARTESIAN_POINT('',(0.00837044237397256,0.0172939282252342,0.0169700000149012));
#3395=CARTESIAN_POINT('',(0.00837044237397256,0.0172939282252342,0.0137500000149012));
#3396=CARTESIAN_POINT('',(0.00837044237397256,0.0132939282252343,0.0137500000149012));
#3397=CARTESIAN_POINT('',(0.00837044237397199,0.00929392822523422,0.0137500000149012));
#3398=CARTESIAN_POINT('',(0.00837044237397199,0.00929392822523422,0.0169700000149012));
#3399=CARTESIAN_POINT('',(0.00914044237397134,0.017293928225234,0.0169700000149012));
#3400=CARTESIAN_POINT('',(0.00991044237397194,0.0172939282252342,0.0169700000149012));
#3401=CARTESIAN_POINT('',(0.00991044237397194,0.0172939282252342,0.0137500000149012));
#3402=CARTESIAN_POINT('',(0.00914044237397134,0.017293928225234,0.0137500000149012));
#3403=CARTESIAN_POINT('',(0.00991044237397194,0.0132939282252342,0.0169700000149012));
#3404=CARTESIAN_POINT('',(0.00991044237397199,0.00929392822523422,0.0169700000149012));
#3405=CARTESIAN_POINT('',(0.00991044237397199,0.00929392822523422,0.0137500000149012));
#3406=CARTESIAN_POINT('',(0.00991044237397194,0.0172939282252342,0.0137500000149012));
#3407=CARTESIAN_POINT('',(0.00914044237397199,0.00929392822523422,0.0169700000149012));
#3408=CARTESIAN_POINT('',(0.00914044237397199,0.00929392822523422,0.0137500000149012));
#3409=CARTESIAN_POINT('',(-0.0475805576260281,0.054054928225234,0.0168895788278666));
#3410=CARTESIAN_POINT('',(-0.0475805576260281,0.054054928225234,0.0131948103468416));
#3411=CARTESIAN_POINT('',(-0.0443305576260281,0.054054928225234,0.0131948103468416));
#3412=CARTESIAN_POINT('',(-0.0318155576260282,0.054054928225234,0.0168895788278666));
#3413=CARTESIAN_POINT('',(-0.0318155576260282,0.054054928225234,0.0131948103468416));
#3414=CARTESIAN_POINT('',(-0.0285655576260282,0.054054928225234,0.0131948103468416));
#3415=CARTESIAN_POINT('',(0.0100904423739719,0.0266539282252341,0.0164895788278666));
#3416=CARTESIAN_POINT('',(0.0100904423739719,0.0304039282252341,0.0164895788278666));
#3417=CARTESIAN_POINT('',(0.0100904423739719,0.0304039282252341,0.0131948103468416));
#3418=CARTESIAN_POINT('',(0.0100904423739719,0.0229039282252341,0.0131948103468416));
#3419=CARTESIAN_POINT('',(0.0100904423739719,0.0229039282252341,0.0131948103468416));
#3420=CARTESIAN_POINT('',(0.0100904423739719,0.0229039282252341,0.0164895788278666));
#3421=CARTESIAN_POINT('',(0.0138404423739719,0.0304039282252341,0.0164895788278666));
#3422=CARTESIAN_POINT('',(0.0175904423739719,0.0304039282252341,0.0164895788278666));
#3423=CARTESIAN_POINT('',(0.0175904423739719,0.0304039282252341,0.0131948103468416));
#3424=CARTESIAN_POINT('',(0.0138404423739719,0.0304039282252341,0.0131948103468416));
#3425=CARTESIAN_POINT('',(0.0175904423739719,0.0266539282252341,0.0164895788278666));
#3426=CARTESIAN_POINT('',(0.0175904423739719,0.0229039282252341,0.0164895788278666));
#3427=CARTESIAN_POINT('',(0.0175904423739719,0.0229039282252341,0.0131948103468416));
#3428=CARTESIAN_POINT('',(0.0175904423739719,0.0266539282252341,0.0131948103468416));
#3429=CARTESIAN_POINT('',(0.0138404423739719,0.0229039282252341,0.0164895788278666));
#3430=CARTESIAN_POINT('',(0.0175904423739719,0.0229039282252341,0.0131948103468416));
#3431=CARTESIAN_POINT('',(-0.000659557626028127,0.0266539282252341,0.0164895788278666));
#3432=CARTESIAN_POINT('',(-0.000659557626028127,0.0304039282252341,0.0164895788278666));
#3433=CARTESIAN_POINT('',(-0.000659557626028127,0.0304039282252341,0.0131948103468416));
#3434=CARTESIAN_POINT('',(-0.000659557626028126,0.0229039282252341,0.0131948103468416));
#3435=CARTESIAN_POINT('',(-0.000659557626028126,0.0229039282252341,0.0131948103468416));
#3436=CARTESIAN_POINT('',(-0.000659557626028126,0.0229039282252341,0.0164895788278666));
#3437=CARTESIAN_POINT('',(0.00309044237397187,0.0304039282252341,0.0164895788278666));
#3438=CARTESIAN_POINT('',(0.00684044237397187,0.0304039282252341,0.0164895788278666));
#3439=CARTESIAN_POINT('',(0.00684044237397187,0.0304039282252341,0.0131948103468416));
#3440=CARTESIAN_POINT('',(0.00309044237397187,0.0304039282252341,0.0131948103468416));
#3441=CARTESIAN_POINT('',(0.00684044237397187,0.0266539282252341,0.0164895788278666));
#3442=CARTESIAN_POINT('',(0.00684044237397187,0.0229039282252341,0.0164895788278666));
#3443=CARTESIAN_POINT('',(0.00684044237397187,0.0229039282252341,0.0131948103468416));
#3444=CARTESIAN_POINT('',(0.00684044237397187,0.0266539282252341,0.0131948103468416));
#3445=CARTESIAN_POINT('',(0.00309044237397187,0.0229039282252341,0.0164895788278666));
#3446=CARTESIAN_POINT('',(0.00684044237397187,0.0229039282252341,0.0131948103468416));
#3447=CARTESIAN_POINT('',(-0.000249557626027991,0.013293928225234,0.0169700000149012));
#3448=CARTESIAN_POINT('',(-0.00024955762602799,0.00929392822523404,0.0169700000149012));
#3449=CARTESIAN_POINT('',(-0.00024955762602799,0.00929392822523404,0.0137500000149012));
#3450=CARTESIAN_POINT('',(-0.000249557626027992,0.0172939282252341,0.0137500000149012));
#3451=CARTESIAN_POINT('',(-0.000249557626028126,0.0172939282252341,0.0137500000149012));
#3452=CARTESIAN_POINT('',(-0.000249557626028126,0.0172939282252341,0.0169700000149012));
#3453=CARTESIAN_POINT('',(-0.00101955762602802,0.00929392822523412,0.0169700000149012));
#3454=CARTESIAN_POINT('',(-0.00178955762602803,0.00929392822523411,0.0169700000149012));
#3455=CARTESIAN_POINT('',(-0.00178955762602803,0.00929392822523411,0.0137500000149012));
#3456=CARTESIAN_POINT('',(-0.00101955762602802,0.00929392822523412,0.0137500000149012));
#3457=CARTESIAN_POINT('',(-0.00178955762602811,0.0132939282252342,0.0169700000149012));
#3458=CARTESIAN_POINT('',(-0.00178955762602813,0.0172939282252341,0.0169700000149012));
#3459=CARTESIAN_POINT('',(-0.00178955762602813,0.0172939282252341,0.0137500000149012));
#3460=CARTESIAN_POINT('',(-0.00178955762602811,0.0132939282252342,0.0137500000149012));
#3461=CARTESIAN_POINT('',(-0.00101955762602813,0.0172939282252341,0.0169700000149012));
#3462=CARTESIAN_POINT('',(-0.00101955762602813,0.0172939282252341,0.0137500000149012));
#3463=CARTESIAN_POINT('',(-0.0103995576260281,0.0225729432252341,0.0190000000149012));
#3464=CARTESIAN_POINT('',(-0.0103995576260281,0.00564195822523405,0.0190000000149012));
#3465=CARTESIAN_POINT('',(-0.0103995576260281,0.00564195822523405,0.0131948103468416));
#3466=CARTESIAN_POINT('',(-0.0103995576260281,0.0395039282252341,0.0131948103468416));
#3467=CARTESIAN_POINT('',(-0.0103995576260281,0.0395039282252341,0.0131948103468416));
#3468=CARTESIAN_POINT('',(-0.0103995576260281,0.0395039282252341,0.0190000000149012));
#3469=CARTESIAN_POINT('',(-0.0415495576260282,0.00564195822523404,0.0190000000149012));
#3470=CARTESIAN_POINT('',(-0.0726995576260281,0.00564195822523403,0.0190000000149012));
#3471=CARTESIAN_POINT('',(-0.0726995576260281,0.00564195822523403,0.0131948103468416));
#3472=CARTESIAN_POINT('',(-0.0415495576260282,0.00564195822523404,0.0131948103468416));
#3473=CARTESIAN_POINT('',(-0.0726995576260281,0.0225729432252341,0.0190000000149012));
#3474=CARTESIAN_POINT('',(-0.0726995576260281,0.0395039282252341,0.0190000000149012));
#3475=CARTESIAN_POINT('',(-0.0726995576260281,0.0395039282252341,0.0131948103468416));
#3476=CARTESIAN_POINT('',(-0.0726995576260281,0.0225729432252341,0.0131948103468416));
#3477=CARTESIAN_POINT('',(-0.0415495576260282,0.0395039282252341,0.0190000000149012));
#3478=CARTESIAN_POINT('',(-0.0726995576260281,0.0395039282252341,0.0131948103468416));
#3479=CARTESIAN_POINT('',(0.00583044237397191,0.0132939282252341,0.0169700000149012));
#3480=CARTESIAN_POINT('',(0.0058304423739725,0.0172939282252341,0.0169700000149012));
#3481=CARTESIAN_POINT('',(0.0058304423739725,0.0172939282252341,0.0137500000149012));
#3482=CARTESIAN_POINT('',(0.00583044237397191,0.0132939282252341,0.0137500000149012));
#3483=CARTESIAN_POINT('',(0.00583044237397198,0.00929392822523421,0.0137500000149012));
#3484=CARTESIAN_POINT('',(0.00583044237397198,0.00929392822523421,0.0169700000149012));
#3485=CARTESIAN_POINT('',(0.0066004423739725,0.017293928225234,0.0169700000149012));
#3486=CARTESIAN_POINT('',(0.0073704423739725,0.0172939282252341,0.0169700000149012));
#3487=CARTESIAN_POINT('',(0.0073704423739725,0.0172939282252341,0.0137500000149012));
#3488=CARTESIAN_POINT('',(0.0066004423739725,0.017293928225234,0.0137500000149012));
#3489=CARTESIAN_POINT('',(0.00737044237397129,0.0132939282252343,0.0169700000149012));
#3490=CARTESIAN_POINT('',(0.00737044237397129,0.0092939282252344,0.0169700000149012));
#3491=CARTESIAN_POINT('',(0.00737044237397129,0.0092939282252344,0.0137500000149012));
#3492=CARTESIAN_POINT('',(0.00737044237397128,0.0172939282252341,0.0137500000149012));
#3493=CARTESIAN_POINT('',(0.00660044237397198,0.00929392822523421,0.0169700000149012));
#3494=CARTESIAN_POINT('',(0.00660044237397198,0.00929392822523421,0.0137500000149012));
#3495=CARTESIAN_POINT('',(-0.0641805576260281,0.054054928225234,0.0168895788278666));
#3496=CARTESIAN_POINT('',(-0.0641805576260281,0.054054928225234,0.0131948103468416));
#3497=CARTESIAN_POINT('',(-0.0609305576260281,0.054054928225234,0.0131948103468416));
#3498=CARTESIAN_POINT('',(-0.00733745762602813,0.06108650808062,0.0178177919484559));
#3499=CARTESIAN_POINT('',(-0.00683389980309231,0.0568216559973969,0.0252047324433642));
#3500=CARTESIAN_POINT('',(-0.00753991357493761,0.0585872402437116,0.0221466508237039));
#3501=CARTESIAN_POINT('',(-0.00957417355979187,0.0591856679738001,0.0211101435905325));
#3502=CARTESIAN_POINT('',(-0.00751850609758178,0.058580942706437,0.0221575584782262));
#3503=CARTESIAN_POINT('',(-0.00733745762602813,0.058580942706437,0.0221575584782262));
#3504=CARTESIAN_POINT('',(0.0222663899512652,0.058580942706437,0.0221575584782262));
#3505=CARTESIAN_POINT('',(0.018350072735153,0.0546646254903247,0.0289408188750894));
#3506=CARTESIAN_POINT('',(-0.00733745762602813,0.0528424354658355,0.0230235838820106));
#3507=CARTESIAN_POINT('',(-0.00733745762602813,0.0562015574648652,0.0230235838820106));
#3508=CARTESIAN_POINT('',(0.0198870047096934,0.0562015574648652,0.0230235838820106));
#3509=CARTESIAN_POINT('',(-0.0058188355420801,0.0562015574648652,0.0230235838820106));
#3510=CARTESIAN_POINT('',(-0.0058188355420801,0.0390062989856029,0.0230235838820106));
#3511=CARTESIAN_POINT('',(-0.0058188355420801,0.0390062989856029,0.0230235838820106));
#3512=CARTESIAN_POINT('',(0.0217663899512652,0.0390062989856029,0.0230235838820106));
#3513=CARTESIAN_POINT('',(0.0198870047096934,0.0390062989856029,0.0230235838820106));
#3514=CARTESIAN_POINT('',(0.0198870047096934,0.0528424354658355,0.0230235838820106));
#3515=CARTESIAN_POINT('',(-0.00733745762602813,0.034121348369848,0.0178177919484559));
#3516=CARTESIAN_POINT('',(-0.00733745762602813,0.036626913744031,0.0221575584782262));
#3517=CARTESIAN_POINT('',(0.0222663899512652,0.036626913744031,0.0221575584782262));
#3518=CARTESIAN_POINT('',(-0.00751850609758178,0.036626913744031,0.0221575584782262));
#3519=CARTESIAN_POINT('',(-0.00238452932102678,0.0381371995932319,0.0247734503029944));
#3520=CARTESIAN_POINT('',(-0.00753991357493761,0.0366206162067563,0.0221466508237039));
#3521=CARTESIAN_POINT('',(-0.00582678415722067,0.0409047738711511,0.0295670295660714));
#3522=CARTESIAN_POINT('',(0.0269625423739718,0.034121348369848,0.0178177919484559));
#3523=CARTESIAN_POINT('',(0.0269625423739718,0.0319307613213244,0.0140235838820106));
#3524=CARTESIAN_POINT('',(0.0238279089931899,0.0350653947021063,0.0194529281606263));
#3525=CARTESIAN_POINT('',(-0.00733745762602813,0.0528424354658355,0.0230235838820106));
#3526=CARTESIAN_POINT('',(-0.00753991357493761,0.0562015574648652,0.0221466508237039));
#3527=CARTESIAN_POINT('',(0.0269625423739718,0.047603928225234,0.0174664246422649));
#3528=CARTESIAN_POINT('',(0.0269625423739718,0.047603928225234,0.0126120000149012));
#3529=CARTESIAN_POINT('',(0.0269625423739718,0.0397294484972699,0.0140235838820106));
#3530=CARTESIAN_POINT('',(0.0269625423739718,0.047603928225234,0.0140235838820106));
#3531=CARTESIAN_POINT('',(0.00782449237397186,0.038103928225234,0.00643520001490119));
#3532=CARTESIAN_POINT('',(-0.00601355762602813,0.038103928225234,0.00643520001490119));
#3533=CARTESIAN_POINT('',(-0.00601355762602813,0.038103928225234,0.0214352000149012));
#3534=CARTESIAN_POINT('',(0.00782449237397187,0.038103928225234,0.0214352000149012));
#3535=CARTESIAN_POINT('',(0.0216625423739718,0.038103928225234,0.0214352000149012));
#3536=CARTESIAN_POINT('',(0.0216625423739718,0.038103928225234,0.00643520001490119));
#3537=CARTESIAN_POINT('',(0.0216625423739718,0.047603928225234,0.00643520001490119));
#3538=CARTESIAN_POINT('',(0.0216625423739718,0.047603928225234,0.0126120000149012));
#3539=CARTESIAN_POINT('',(0.0216625423739718,0.047603928225234,0.0214352000149012));
#3540=CARTESIAN_POINT('',(0.0216625423739718,0.057103928225234,0.0214352000149012));
#3541=CARTESIAN_POINT('',(0.0216625423739718,0.057103928225234,0.00643520001490119));
#3542=CARTESIAN_POINT('',(0.00782449237397186,0.057103928225234,0.00643520001490119));
#3543=CARTESIAN_POINT('',(0.00782449237397187,0.057103928225234,0.0214352000149012));
#3544=CARTESIAN_POINT('',(-0.00601355762602813,0.057103928225234,0.0214352000149012));
#3545=CARTESIAN_POINT('',(-0.00601355762602814,0.057103928225234,0.0064352000149012));
#3546=CARTESIAN_POINT('',(-0.00601355762602813,0.047603928225234,0.00643520001490119));
#3547=CARTESIAN_POINT('',(-0.00601355762602813,0.047603928225234,0.0214352000149012));
#3548=CARTESIAN_POINT('',(0.00782449237397186,0.047603928225234,0.0214352000149012));
#3549=CARTESIAN_POINT('',(0.00466254237397186,0.047603928225234,0.0126120000149012));
#3550=CARTESIAN_POINT('',(0.0277775206996312,0.047603928225234,0.0126120000149012));
#3551=CARTESIAN_POINT('',(0.0269625423739718,0.047603928225234,0.0140235838820106));
#3552=CARTESIAN_POINT('',(0.0222663899512652,0.047603928225234,0.0221575584782262));
#3553=CARTESIAN_POINT('',(-0.00733745762602813,0.0390062989856029,0.0230235838820106));
#3554=CARTESIAN_POINT('',(-0.00629055058676506,0.0383459405344208,0.0227832330618342));
#3555=CARTESIAN_POINT('',(0.00712039742422976,0.0517729062710666,0.0276702489264854));
#3556=CARTESIAN_POINT('',(0.0198870047096934,0.0528424354658355,0.0230235838820106));
#3557=CARTESIAN_POINT('',(0.0183117819979742,0.0546263347531459,0.0235969180614166));
#3558=CARTESIAN_POINT('',(-0.00733745762602813,0.058580942706437,0.0221575584782262));
#3559=CARTESIAN_POINT('',(-0.00746226874350153,0.0585022154908066,0.0221862128413423));
#3560=CARTESIAN_POINT('',(-0.0832595576260281,0.067103928225234,0.0128500000149012));
#3561=CARTESIAN_POINT('',(-0.0832595576260281,0.067103928225234,0.0134465402361948));
#3562=CARTESIAN_POINT('',(-0.0816595576260281,0.067103928225234,0.0134465402361948));
#3563=CARTESIAN_POINT('',(-0.0832595576260281,0.067103928225234,0.0128500000149012));
#3564=CARTESIAN_POINT('',(-0.0816595576260281,0.067103928225234,0.0128500000149012));
#3565=CARTESIAN_POINT('',(-0.0297595576260281,0.0282539282252341,0.0128500000149012));
#3566=CARTESIAN_POINT('',(-0.0832595576260281,0.067103928225234,0.0128500000149012));
#3567=CARTESIAN_POINT('',(-0.0824345576260281,0.067103928225234,0.0128500000149012));
#3568=CARTESIAN_POINT('',(-0.0832595576260281,-0.010396071774766,0.0128500000149012));
#3569=CARTESIAN_POINT('',(-0.0832595576260281,-0.010396071774766,0.0134465402361948));
#3570=CARTESIAN_POINT('',(-0.0816595576260281,-0.010396071774766,0.0134465402361948));
#3571=CARTESIAN_POINT('',(-0.0832595576260281,-0.010396071774766,0.0128500000149012));
#3572=CARTESIAN_POINT('',(-0.0816595576260281,-0.010396071774766,0.0128500000149012));
#3573=CARTESIAN_POINT('',(-0.0297595576260281,0.0282539282252341,0.0128500000149012));
#3574=CARTESIAN_POINT('',(-0.0832595576260281,-0.010396071774766,0.0128500000149012));
#3575=CARTESIAN_POINT('',(-0.0824345576260281,-0.010396071774766,0.0128500000149012));
#3576=CARTESIAN_POINT('',(0.0237404423739719,-0.010396071774766,0.0128500000149012));
#3577=CARTESIAN_POINT('',(0.0237404423739719,-0.010396071774766,0.0134465402361948));
#3578=CARTESIAN_POINT('',(0.0253404423739719,-0.010396071774766,0.0134465402361948));
#3579=CARTESIAN_POINT('',(0.0237404423739719,-0.010396071774766,0.0128500000149012));
#3580=CARTESIAN_POINT('',(0.0253404423739719,-0.010396071774766,0.0128500000149012));
#3581=CARTESIAN_POINT('',(-0.0297595576260281,0.0282539282252341,0.0128500000149012));
#3582=CARTESIAN_POINT('',(0.0237404423739719,-0.010396071774766,0.0128500000149012));
#3583=CARTESIAN_POINT('',(0.0245654423739718,-0.010396071774766,0.0128500000149012));
#3584=CARTESIAN_POINT('',(0.0237404423739719,0.067103928225234,0.0128500000149012));
#3585=CARTESIAN_POINT('',(0.0237404423739719,0.067103928225234,0.0134465402361948));
#3586=CARTESIAN_POINT('',(0.0253404423739719,0.067103928225234,0.0134465402361948));
#3587=CARTESIAN_POINT('',(0.0237404423739719,0.067103928225234,0.0128500000149012));
#3588=CARTESIAN_POINT('',(0.0253404423739719,0.067103928225234,0.0128500000149012));
#3589=CARTESIAN_POINT('',(-0.0297595576260281,0.0282539282252341,0.0128500000149012));
#3590=CARTESIAN_POINT('',(0.0237404423739719,0.067103928225234,0.0128500000149012));
#3591=CARTESIAN_POINT('',(0.0245654423739718,0.067103928225234,0.0128500000149012));
#3592=CARTESIAN_POINT('',(0.0237404423739719,0.067103928225234,0.0134465402361948));
#3593=CARTESIAN_POINT('',(-0.0832595576260281,0.067103928225234,0.0134465402361948));
#3594=CARTESIAN_POINT('',(-0.0832595576260281,-0.010396071774766,0.0134465402361948));
#3595=CARTESIAN_POINT('',(0.0237404423739719,-0.010396071774766,0.0134465402361948));
#3596=CARTESIAN_POINT('',(0.0237404423739719,0.067103928225234,0.0109500000149012));
#3597=CARTESIAN_POINT('',(0.0237404423739719,-0.010396071774766,0.0109500000149012));
#3598=CARTESIAN_POINT('',(-0.0832595576260281,-0.010396071774766,0.0109500000149012));
#3599=CARTESIAN_POINT('',(-0.0832595576260281,0.067103928225234,0.0109500000149012));
#3600=CARTESIAN_POINT('',(-0.0144595576260281,0.059103928225234,0.0109500000149012));
#3601=CARTESIAN_POINT('',(-0.0144595576260281,0.059653928225234,0.0109500000149012));
#3602=CARTESIAN_POINT('',(-0.0144595576260281,0.058553928225234,0.0109500000149012));
#3603=CARTESIAN_POINT('',(-0.0151095576260282,0.059653928225234,0.0109500000149012));
#3604=CARTESIAN_POINT('',(-0.0157595576260281,0.059653928225234,0.0109500000149012));
#3605=CARTESIAN_POINT('',(-0.0157595576260281,0.059103928225234,0.0109500000149012));
#3606=CARTESIAN_POINT('',(-0.0157595576260281,0.058553928225234,0.0109500000149012));
#3607=CARTESIAN_POINT('',(-0.0151095576260282,0.058553928225234,0.0109500000149012));
#3608=CARTESIAN_POINT('',(-0.0202095576260281,0.059103928225234,0.0109500000149012));
#3609=CARTESIAN_POINT('',(-0.0202095576260281,0.059653928225234,0.0109500000149012));
#3610=CARTESIAN_POINT('',(-0.0202095576260281,0.058553928225234,0.0109500000149012));
#3611=CARTESIAN_POINT('',(-0.0208595576260282,0.059653928225234,0.0109500000149012));
#3612=CARTESIAN_POINT('',(-0.0215095576260281,0.059653928225234,0.0109500000149012));
#3613=CARTESIAN_POINT('',(-0.0215095576260281,0.059103928225234,0.0109500000149012));
#3614=CARTESIAN_POINT('',(-0.0215095576260281,0.058553928225234,0.0109500000149012));
#3615=CARTESIAN_POINT('',(-0.0208595576260282,0.058553928225234,0.0109500000149012));
#3616=CARTESIAN_POINT('',(-0.0058188355420801,0.0528424354658355,0.0230235838820106));
#3617=CARTESIAN_POINT('',(0.0175904423739719,0.0266539282252341,0.0131948103468416));
#3618=CARTESIAN_POINT('',(0.0162036532846134,0.0290171391358755,0.0120311561334402));
#3619=CARTESIAN_POINT('',(-0.0032913915895524,0.0437857621887583,-0.00432712883025676));
#3620=CARTESIAN_POINT('',(-0.0404095576260282,0.0220039282252341,0.0139500000149012));
#3621=CARTESIAN_POINT('',(0.0115387385652856,0.0243522244165477,0.0119795455468748));
#3622=CARTESIAN_POINT('',(0.0138404423739719,0.0304039282252341,0.0131948103468416));
#3623=CARTESIAN_POINT('',(0.0102813831242672,0.0302129874749386,0.0130345920336921));
#3624=CARTESIAN_POINT('',(0.00919044237397188,0.0283539282252341,0.0139500000149012));
#3625=CARTESIAN_POINT('',(0.00684044237397187,0.0266539282252341,0.0131948103468416));
#3626=CARTESIAN_POINT('',(0.00545365328461337,0.0290171391358755,0.0120311561334402));
#3627=CARTESIAN_POINT('',(-0.0100659295333913,0.0398103001325972,-0.000991320085172729));
#3628=CARTESIAN_POINT('',(-0.0404095576260282,0.0220039282252341,0.0139500000149012));
#3629=CARTESIAN_POINT('',(0.000788738565285597,0.0243522244165477,0.0119795455468748));
#3630=CARTESIAN_POINT('',(0.00309044237397187,0.0304039282252341,0.0131948103468416));
#3631=CARTESIAN_POINT('',(-0.000468616875732772,0.0302129874749387,0.0130345920336921));
#3632=CARTESIAN_POINT('',(-0.00155955762602813,0.0283539282252341,0.0139500000149012));
#3633=CARTESIAN_POINT('',(-0.0735995576260281,0.0283539282252341,0.0139500000149012));
#3634=CARTESIAN_POINT('',(-0.0691433420188895,0.0359477126180954,0.0102107911425047));
#3635=CARTESIAN_POINT('',(-0.0613255496591458,0.0170159661921163,0.00365088445682324));
#3636=CARTESIAN_POINT('',(-0.0404095576260282,0.00474195822523404,0.0139500000149012));
#3637=CARTESIAN_POINT('',(-0.0166608123647194,0.0119032129639254,0.00794099380489876));
#3638=CARTESIAN_POINT('',(-0.0415495576260282,0.0395039282252341,0.0131948103468416));
#3639=CARTESIAN_POINT('',(-0.0166608123647194,0.0332426734865428,0.00794099380489876));
#3640=CARTESIAN_POINT('',(-0.0103995576260281,0.0225729432252341,0.0131948103468416));
#3641=CARTESIAN_POINT('',(-0.0318155576260282,0.054054928225234,0.0131948103468416));
#3642=CARTESIAN_POINT('',(-0.0475805576260281,0.054054928225234,0.0131948103468416));
#3643=CARTESIAN_POINT('',(-0.0641805576260281,0.054054928225234,0.0131948103468416));
#3644=CARTESIAN_POINT('',(0.00914044237397134,0.017293928225234,0.0139500000149012));
#3645=CARTESIAN_POINT('',(0.0101104423739713,0.0172939282252343,0.0139500000149012));
#3646=CARTESIAN_POINT('',(0.00837044237397134,0.0172939282252342,0.0137500000149012));
#3647=CARTESIAN_POINT('',(0.00837044237397256,0.0132939282252343,0.0137500000149012));
#3648=CARTESIAN_POINT('',(0.00837044237397256,0.00929392822523422,0.0137500000149012));
#3649=CARTESIAN_POINT('',(0.0101104423739719,0.0283539282252341,0.0139500000149012));
#3650=CARTESIAN_POINT('',(0.0101104423739719,0.00929392822523422,0.0139500000149012));
#3651=CARTESIAN_POINT('',(0.00914044237397199,0.00929392822523422,0.0137500000149012));
#3652=CARTESIAN_POINT('',(0.0066004423739725,0.017293928225234,0.0137500000149012));
#3653=CARTESIAN_POINT('',(0.0058304423739725,0.0172939282252341,0.0137500000149012));
#3654=CARTESIAN_POINT('',(0.0075704423739725,0.0172939282252341,0.0139500000149012));
#3655=CARTESIAN_POINT('',(0.00757044237397128,0.0283539282252341,0.0139500000149012));
#3656=CARTESIAN_POINT('',(0.00757044237397129,0.00929392822523445,0.0139500000149012));
#3657=CARTESIAN_POINT('',(0.00583044237397191,0.0132939282252341,0.0137500000149012));
#3658=CARTESIAN_POINT('',(0.00583044237397191,0.00929392822523421,0.0137500000149012));
#3659=CARTESIAN_POINT('',(0.00660044237397198,0.00929392822523421,0.0139500000149012));
#3660=CARTESIAN_POINT('',(0.00406044237397134,0.0172939282252341,0.0139500000149012));
#3661=CARTESIAN_POINT('',(0.00503044237397134,0.0172939282252342,0.0139500000149012));
#3662=CARTESIAN_POINT('',(0.00329044237397133,0.0172939282252341,0.0137500000149012));
#3663=CARTESIAN_POINT('',(0.00329044237397259,0.0132939282252342,0.0137500000149012));
#3664=CARTESIAN_POINT('',(0.0032904423739726,0.00929392822523408,0.0137500000149012));
#3665=CARTESIAN_POINT('',(0.00503044237397198,0.0283539282252341,0.0139500000149012));
#3666=CARTESIAN_POINT('',(0.00503044237397199,0.00929392822523378,0.0139500000149012));
#3667=CARTESIAN_POINT('',(0.00406044237397198,0.0092939282252342,0.0137500000149012));
#3668=CARTESIAN_POINT('',(0.00152044237397259,0.017293928225234,0.0137500000149012));
#3669=CARTESIAN_POINT('',(0.000750442373972589,0.0172939282252339,0.0137500000149012));
#3670=CARTESIAN_POINT('',(0.00249044237397259,0.0172939282252339,0.0139500000149012));
#3671=CARTESIAN_POINT('',(0.00249044237397271,0.028353928225234,0.0139500000149012));
#3672=CARTESIAN_POINT('',(0.00249044237397271,0.00929392822523418,0.0139500000149012));
#3673=CARTESIAN_POINT('',(0.000750442373971934,0.0132939282252339,0.0137500000149012));
#3674=CARTESIAN_POINT('',(0.000750442373971935,0.00929392822523416,0.0137500000149012));
#3675=CARTESIAN_POINT('',(0.00152044237397198,0.00929392822523417,0.0139500000149012));
#3676=CARTESIAN_POINT('',(-0.00101955762602813,0.0172939282252341,0.0139500000149012));
#3677=CARTESIAN_POINT('',(-4.95576260281258E-5,0.0172939282252341,0.0139500000149012));
#3678=CARTESIAN_POINT('',(-0.00178955762602813,0.0172939282252341,0.0137500000149012));
#3679=CARTESIAN_POINT('',(-0.00178955762602811,0.0132939282252342,0.0137500000149012));
#3680=CARTESIAN_POINT('',(-0.00178955762602811,0.00929392822523411,0.0137500000149012));
#3681=CARTESIAN_POINT('',(-4.9557626027999E-5,0.0283539282252341,0.0139500000149012));
#3682=CARTESIAN_POINT('',(-4.9557626027992E-5,0.00929392822523403,0.0139500000149012));
#3683=CARTESIAN_POINT('',(-0.00101955762602802,0.00929392822523412,0.0137500000149012));
#3684=CARTESIAN_POINT('',(-0.00355955762602813,0.017293928225234,0.0137500000149012));
#3685=CARTESIAN_POINT('',(-0.00432955762602813,0.0172939282252341,0.0137500000149012));
#3686=CARTESIAN_POINT('',(-0.00258955762602813,0.0172939282252339,0.0139500000149012));
#3687=CARTESIAN_POINT('',(-0.00258955762602811,0.0283539282252341,0.0139500000149012));
#3688=CARTESIAN_POINT('',(-0.00258955762602811,0.00929392822523449,0.0139500000149012));
#3689=CARTESIAN_POINT('',(-0.00432955762602823,0.013293928225234,0.0137500000149012));
#3690=CARTESIAN_POINT('',(-0.00432955762602823,0.00929392822523403,0.0137500000149012));
#3691=CARTESIAN_POINT('',(-0.00355955762602803,0.00929392822523407,0.0139500000149012));
#3692=MECHANICAL_DESIGN_GEOMETRIC_PRESENTATION_REPRESENTATION('',(#2242),
#3693);
#3693=(
GEOMETRIC_REPRESENTATION_CONTEXT(3)
GLOBAL_UNCERTAINTY_ASSIGNED_CONTEXT((#3694))
GLOBAL_UNIT_ASSIGNED_CONTEXT((#3697,#3696,#3695))
REPRESENTATION_CONTEXT('Part 1','TOP_LEVEL_ASSEMBLY_PART')
);
#3694=UNCERTAINTY_MEASURE_WITH_UNIT(LENGTH_MEASURE(1.E-8),#3697,
'DISTANCE_ACCURACY_VALUE','Maximum Tolerance applied to model');
#3695=(
NAMED_UNIT(*)
SI_UNIT($,.STERADIAN.)
SOLID_ANGLE_UNIT()
);
#3696=(
NAMED_UNIT(*)
PLANE_ANGLE_UNIT()
SI_UNIT($,.RADIAN.)
);
#3697=(
LENGTH_UNIT()
NAMED_UNIT(*)
SI_UNIT($,.METRE.)
);
#3698=PRODUCT_DEFINITION_SHAPE('','',#3699);
#3699=PRODUCT_DEFINITION('','',#3701,#3700);
#3700=PRODUCT_DEFINITION_CONTEXT('',#3707,'design');
#3701=PRODUCT_DEFINITION_FORMATION_WITH_SPECIFIED_SOURCE('','',#3703,
 .NOT_KNOWN.);
#3702=PRODUCT_RELATED_PRODUCT_CATEGORY('','',(#3703));
#3703=PRODUCT('Part 1','Part 1','Part 1',(#3705));
#3704=PRODUCT_CATEGORY('','');
#3705=PRODUCT_CONTEXT('',#3707,'mechanical');
#3706=APPLICATION_PROTOCOL_DEFINITION('international standard',
'ap242_managed_model_based_3d_engineering',2020,#3707);
#3707=APPLICATION_CONTEXT('managed model based 3d engineering');
ENDSEC;
END-ISO-10303-21;
